scenario,nb_cars,method,seed,world_seed,grid_seed,society_id,station_id,update_step,alpha
pessimistic,40,bramev_nearest_offer,42,42,42,0,0,0,0.290955
pessimistic,40,bramev_nearest_offer,42,42,42,0,0,1,0.283844
pessimistic,40,bramev_nearest_offer,42,42,42,0,0,2,0.277444
pessimistic,40,bramev_nearest_offer,42,42,42,0,0,3,0.277444
pessimistic,40,bramev_nearest_offer,42,42,42,0,0,4,0.277444
pessimistic,40,bramev_nearest_offer,42,42,42,0,0,5,0.274773
pessimistic,40,bramev_nearest_offer,42,42,42,0,0,6,0.272369
pessimistic,40,bramev_nearest_offer,42,42,42,0,0,7,0.270205
pessimistic,40,bramev_nearest_offer,42,42,42,0,0,8,0.27089
pessimistic,40,bramev_nearest_offer,42,42,42,0,0,9,0.269137
pessimistic,40,bramev_nearest_offer,42,42,42,0,0,10,0.26756
pessimistic,40,bramev_nearest_offer,42,42,42,0,0,11,0.26756
pessimistic,40,bramev_nearest_offer,42,42,42,0,5,0,0.219847
pessimistic,40,bramev_nearest_offer,42,42,42,0,5,1,0.219847
pessimistic,40,bramev_nearest_offer,42,42,42,0,5,2,0.219847
pessimistic,40,bramev_nearest_offer,42,42,42,0,5,3,0.225606
pessimistic,40,bramev_nearest_offer,42,42,42,0,5,4,0.23079
pessimistic,40,bramev_nearest_offer,42,42,42,0,5,5,0.232784
pessimistic,40,bramev_nearest_offer,42,42,42,0,5,6,0.234579
pessimistic,40,bramev_nearest_offer,42,42,42,0,5,7,0.236195
pessimistic,40,bramev_nearest_offer,42,42,42,0,5,8,0.24028
pessimistic,40,bramev_nearest_offer,42,42,42,0,5,9,0.241588
pessimistic,40,bramev_nearest_offer,42,42,42,0,5,10,0.242766
pessimistic,40,bramev_nearest_offer,42,42,42,0,5,11,0.245245
pessimistic,40,bramev_nearest_offer,42,42,42,0,6,0,0.708626
pessimistic,40,bramev_nearest_offer,42,42,42,0,6,1,0.659748
pessimistic,40,bramev_nearest_offer,42,42,42,0,6,2,0.615758
pessimistic,40,bramev_nearest_offer,42,42,42,0,6,3,0.581926
pessimistic,40,bramev_nearest_offer,42,42,42,0,6,4,0.551478
pessimistic,40,bramev_nearest_offer,42,42,42,0,6,5,0.521404
pessimistic,40,bramev_nearest_offer,42,42,42,0,6,6,0.494337
pessimistic,40,bramev_nearest_offer,42,42,42,0,6,7,0.469976
pessimistic,40,bramev_nearest_offer,42,42,42,0,6,8,0.450684
pessimistic,40,bramev_nearest_offer,42,42,42,0,6,9,0.430952
pessimistic,40,bramev_nearest_offer,42,42,42,0,6,10,0.413193
pessimistic,40,bramev_nearest_offer,42,42,42,0,6,11,0.39863
pessimistic,40,bramev_nearest_offer,42,42,42,0,7,0,0.57078
pessimistic,40,bramev_nearest_offer,42,42,42,0,7,1,0.535687
pessimistic,40,bramev_nearest_offer,42,42,42,0,7,2,0.504103
pessimistic,40,bramev_nearest_offer,42,42,42,0,7,3,0.481437
pessimistic,40,bramev_nearest_offer,42,42,42,0,7,4,0.461038
pessimistic,40,bramev_nearest_offer,42,42,42,0,7,5,0.440007
pessimistic,40,bramev_nearest_offer,42,42,42,0,7,6,0.42108
pessimistic,40,bramev_nearest_offer,42,42,42,0,7,7,0.404045
pessimistic,40,bramev_nearest_offer,42,42,42,0,7,8,0.391345
pessimistic,40,bramev_nearest_offer,42,42,42,0,7,9,0.377547
pessimistic,40,bramev_nearest_offer,42,42,42,0,7,10,0.365129
pessimistic,40,bramev_nearest_offer,42,42,42,0,7,11,0.355372
pessimistic,40,bramev_nearest_offer,42,42,42,0,8,0,0.80801
pessimistic,40,bramev_nearest_offer,42,42,42,0,8,1,0.749194
pessimistic,40,bramev_nearest_offer,42,42,42,0,8,2,0.696259
pessimistic,40,bramev_nearest_offer,42,42,42,0,8,3,0.654378
pessimistic,40,bramev_nearest_offer,42,42,42,0,8,4,0.616684
pessimistic,40,bramev_nearest_offer,42,42,42,0,8,5,0.580089
pessimistic,40,bramev_nearest_offer,42,42,42,0,8,6,0.547153
pessimistic,40,bramev_nearest_offer,42,42,42,0,8,7,0.517511
pessimistic,40,bramev_nearest_offer,42,42,42,0,8,8,0.493465
pessimistic,40,bramev_nearest_offer,42,42,42,0,8,9,0.469455
pessimistic,40,bramev_nearest_offer,42,42,42,0,8,10,0.447846
pessimistic,40,bramev_nearest_offer,42,42,42,0,8,11,0.429817
pessimistic,40,bramev_nearest_offer,42,42,42,0,10,0,0.305265
pessimistic,40,bramev_nearest_offer,42,42,42,0,10,1,0.296723
pessimistic,40,bramev_nearest_offer,42,42,42,0,10,2,0.289036
pessimistic,40,bramev_nearest_offer,42,42,42,0,10,3,0.287877
pessimistic,40,bramev_nearest_offer,42,42,42,0,10,4,0.286833
pessimistic,40,bramev_nearest_offer,42,42,42,0,10,5,0.283223
pessimistic,40,bramev_nearest_offer,42,42,42,0,10,6,0.279974
pessimistic,40,bramev_nearest_offer,42,42,42,0,10,7,0.27705
pessimistic,40,bramev_nearest_offer,42,42,42,0,10,8,0.27705
pessimistic,40,bramev_nearest_offer,42,42,42,0,10,9,0.274681
pessimistic,40,bramev_nearest_offer,42,42,42,0,10,10,0.27255
pessimistic,40,bramev_nearest_offer,42,42,42,0,10,11,0.272051
pessimistic,40,bramev_nearest_offer,42,42,42,0,11,0,0.250242
pessimistic,40,bramev_nearest_offer,42,42,42,0,11,1,0.247202
pessimistic,40,bramev_nearest_offer,42,42,42,0,11,2,0.244467
pessimistic,40,bramev_nearest_offer,42,42,42,0,11,3,0.247764
pessimistic,40,bramev_nearest_offer,42,42,42,0,11,4,0.250732
pessimistic,40,bramev_nearest_offer,42,42,42,0,11,5,0.250732
pessimistic,40,bramev_nearest_offer,42,42,42,0,11,6,0.250732
pessimistic,40,bramev_nearest_offer,42,42,42,0,11,7,0.250732
pessimistic,40,bramev_nearest_offer,42,42,42,0,11,8,0.253364
pessimistic,40,bramev_nearest_offer,42,42,42,0,11,9,0.253364
pessimistic,40,bramev_nearest_offer,42,42,42,0,11,10,0.253364
pessimistic,40,bramev_nearest_offer,42,42,42,0,11,11,0.254784
pessimistic,40,bramev_nearest_offer,42,42,42,1,1,0,0.261312
pessimistic,40,bramev_nearest_offer,42,42,42,1,1,1,0.261312
pessimistic,40,bramev_nearest_offer,42,42,42,1,1,2,0.261312
pessimistic,40,bramev_nearest_offer,42,42,42,1,1,3,0.312243
pessimistic,40,bramev_nearest_offer,42,42,42,1,1,4,0.328732
pessimistic,40,bramev_nearest_offer,42,42,42,1,1,5,0.369986
pessimistic,40,bramev_nearest_offer,42,42,42,1,1,6,0.407115
pessimistic,40,bramev_nearest_offer,42,42,42,1,1,7,0.440531
pessimistic,40,bramev_nearest_offer,42,42,42,1,1,8,0.470606
pessimistic,40,bramev_nearest_offer,42,42,42,1,1,9,0.497673
pessimistic,40,bramev_nearest_offer,42,42,42,1,1,10,0.522033
pessimistic,40,bramev_nearest_offer,42,42,42,1,1,11,0.543957
pessimistic,40,bramev_nearest_offer,42,42,42,1,2,0,0.739154
pessimistic,40,bramev_nearest_offer,42,42,42,1,2,1,0.69137
pessimistic,40,bramev_nearest_offer,42,42,42,1,2,2,0.648364
pessimistic,40,bramev_nearest_offer,42,42,42,1,2,3,0.66059
pessimistic,40,bramev_nearest_offer,42,42,42,1,2,4,0.642244
pessimistic,40,bramev_nearest_offer,42,42,42,1,2,5,0.652147
pessimistic,40,bramev_nearest_offer,42,42,42,1,2,6,0.66106
pessimistic,40,bramev_nearest_offer,42,42,42,1,2,7,0.669082
pessimistic,40,bramev_nearest_offer,42,42,42,1,2,8,0.676301
pessimistic,40,bramev_nearest_offer,42,42,42,1,2,9,0.682799
pessimistic,40,bramev_nearest_offer,42,42,42,1,2,10,0.688646
pessimistic,40,bramev_nearest_offer,42,42,42,1,2,11,0.693909
pessimistic,40,bramev_nearest_offer,42,42,42,1,3,0,0.890094
pessimistic,40,bramev_nearest_offer,42,42,42,1,3,1,0.827215
pessimistic,40,bramev_nearest_offer,42,42,42,1,3,2,0.770625
pessimistic,40,bramev_nearest_offer,42,42,42,1,3,3,0.770625
pessimistic,40,bramev_nearest_offer,42,42,42,1,3,4,0.741276
pessimistic,40,bramev_nearest_offer,42,42,42,1,3,5,0.741276
pessimistic,40,bramev_nearest_offer,42,42,42,1,3,6,0.741276
pessimistic,40,bramev_nearest_offer,42,42,42,1,3,7,0.741276
pessimistic,40,bramev_nearest_offer,42,42,42,1,3,8,0.741276
pessimistic,40,bramev_nearest_offer,42,42,42,1,3,9,0.741276
pessimistic,40,bramev_nearest_offer,42,42,42,1,3,10,0.741276
pessimistic,40,bramev_nearest_offer,42,42,42,1,3,11,0.741276
pessimistic,40,bramev_nearest_offer,42,42,42,1,9,0,0.487495
pessimistic,40,bramev_nearest_offer,42,42,42,1,9,1,0.464876
pessimistic,40,bramev_nearest_offer,42,42,42,1,9,2,0.44452
pessimistic,40,bramev_nearest_offer,42,42,42,1,9,3,0.47713
pessimistic,40,bramev_nearest_offer,42,42,42,1,9,4,0.47713
pessimistic,40,bramev_nearest_offer,42,42,42,1,9,5,0.503545
pessimistic,40,bramev_nearest_offer,42,42,42,1,9,6,0.527318
pessimistic,40,bramev_nearest_offer,42,42,42,1,9,7,0.548714
pessimistic,40,bramev_nearest_offer,42,42,42,1,9,8,0.56797
pessimistic,40,bramev_nearest_offer,42,42,42,1,9,9,0.5853
pessimistic,40,bramev_nearest_offer,42,42,42,1,9,10,0.600898
pessimistic,40,bramev_nearest_offer,42,42,42,1,9,11,0.614936
pessimistic,40,bramev_nearest_offer,42,42,42,2,4,0,0.142737
pessimistic,40,bramev_nearest_offer,42,42,42,2,4,1,0.142737
pessimistic,40,bramev_nearest_offer,42,42,42,2,4,2,0.142737
pessimistic,40,bramev_nearest_offer,42,42,42,2,4,3,0.142737
pessimistic,40,bramev_nearest_offer,42,42,42,2,4,4,0.142737
pessimistic,40,bramev_nearest_offer,42,42,42,2,4,5,0.142737
pessimistic,40,bramev_nearest_offer,42,42,42,2,4,6,0.142737
pessimistic,40,bramev_nearest_offer,42,42,42,2,4,7,0.142737
pessimistic,40,bramev_nearest_offer,42,42,42,2,4,8,0.142737
pessimistic,40,bramev_nearest_offer,42,42,42,2,4,9,0.142737
pessimistic,40,bramev_nearest_offer,42,42,42,2,4,10,0.142737
pessimistic,40,bramev_nearest_offer,42,42,42,2,4,11,0.142737
