scenario,nb_cars,method,seed,world_seed,grid_seed,station_id,society_id,nb_charg_spot,alpha,score_index,score_weighting,nb_request,nb_rejected_request,nb_offer_issued,nb_offer_expired,nb_confirm_refused,nb_stale_confirm,nb_reservations,nb_pres,nb_no_show,nb_early_canc,nb_late_canc,nb_breakdown_canc,nb_unresolved,nb_slots_reserved,nb_slots_served,occupancy_rate,service_rate,demand_kwh
balance,200,multistation,42,42,42,0,1,5,0.291,1,duration,406,5,401,198,0,0,203,119,36,4,43,1,0,7329,4184,1.0179,0.5811,292.042
balance,200,multistation,42,42,42,1,2,5,0.2613,2,duration,470,0,470,459,0,0,11,8,1,0,2,0,0,473,311,0.0657,0.0432,19.2
balance,200,multistation,42,42,42,2,1,5,0.7392,1,duration,220,0,220,208,0,0,12,9,2,0,1,0,0,366,254,0.0508,0.0353,16.875
balance,200,multistation,42,42,42,3,1,5,0.8901,1,duration,437,0,437,332,0,0,105,70,13,0,19,3,0,3799,2275,0.5276,0.316,151.408
balance,200,multistation,42,42,42,4,3,5,0.1427,3,duration,412,0,412,244,0,0,168,90,45,3,28,2,0,6179,3172,0.8582,0.4406,222.258
balance,200,multistation,42,42,42,5,1,4,0.2198,1,duration,212,0,212,185,0,0,27,17,4,0,4,2,0,1009,618,0.1752,0.1073,35.225
balance,200,multistation,42,42,42,6,0,6,0.7086,0,duration,162,0,162,155,0,0,7,4,1,0,2,0,0,230,129,0.0266,0.0149,10.433
balance,200,multistation,42,42,42,7,1,6,0.5708,1,duration,224,0,224,214,0,0,10,7,0,0,3,0,0,430,290,0.0498,0.0336,20.325
balance,200,multistation,42,42,42,8,0,5,0.808,0,duration,208,0,208,207,0,0,1,0,0,0,1,0,0,37,0,0.0051,0.0,1.85
balance,200,multistation,42,42,42,9,2,4,0.4875,2,duration,429,0,429,368,0,0,61,35,13,0,11,2,0,2150,1042,0.3733,0.1809,79.558
balance,200,multistation,42,42,42,10,0,5,0.3053,0,duration,222,0,222,166,0,0,56,33,9,0,13,1,0,1852,1003,0.2572,0.1393,78.033
balance,200,multistation,42,42,42,11,0,4,0.2502,0,duration,422,1,421,255,0,0,166,99,29,1,35,2,0,6038,3279,1.0483,0.5693,242.983
balance,200,multistation,42,42,42,12,3,6,0.3167,3,duration,459,0,459,423,0,0,36,22,11,0,3,0,0,1212,653,0.1403,0.0756,43.842
balance,200,multistation,42,42,42,13,3,4,0.8089,3,duration,213,0,213,165,0,0,48,30,8,0,10,0,0,1705,1030,0.296,0.1788,71.525
balance,200,multistation,42,42,42,14,3,4,0.6168,3,duration,402,0,402,357,0,0,45,28,10,0,7,0,0,1578,912,0.274,0.1583,62.483
balance,200,multistation,42,42,42,15,0,5,0.5092,0,duration,211,0,211,138,0,0,73,40,13,0,19,1,0,2983,1456,0.4143,0.2022,112.383
balance,200,multistation,42,42,42,16,2,6,0.5233,2,duration,180,0,180,176,0,0,4,1,1,0,2,0,0,141,30,0.0163,0.0035,4.658
balance,200,multistation,42,42,42,17,2,4,0.8252,2,duration,275,0,275,270,0,0,5,4,1,0,0,0,0,166,131,0.0288,0.0227,6.525
balance,200,multistation,42,42,42,18,2,5,0.8535,2,duration,288,0,288,224,0,0,64,38,10,0,16,0,0,2214,1267,0.3075,0.176,89.775
balance,200,multistation,42,42,42,19,3,6,0.7576,3,duration,185,0,185,169,0,0,16,9,5,0,2,0,0,706,410,0.0817,0.0475,23.492
balance,200,multistation,42,42,42,20,2,4,0.4983,2,duration,314,0,314,310,0,0,4,1,2,0,1,0,0,136,38,0.0236,0.0066,3.792
balance,200,multistation,42,42,42,21,2,6,0.8027,2,duration,130,0,130,122,0,0,8,5,3,0,0,0,0,238,106,0.0275,0.0123,6.417
balance,200,multistation,42,42,42,22,2,4,0.549,2,duration,399,2,397,311,0,0,86,50,19,1,15,1,0,3063,1764,0.5318,0.3063,116.283
balance,200,multistation,42,42,42,23,0,4,0.1812,0,duration,210,0,210,181,0,0,29,15,6,0,8,0,0,1018,473,0.1767,0.0821,40.483
balance,200,multistation,42,42,42,24,1,4,0.899,1,duration,475,0,475,471,0,0,4,4,0,0,0,0,0,138,131,0.024,0.0227,6.242
balance,200,multistation,42,42,42,25,2,6,0.6409,2,duration,396,0,396,317,0,0,79,46,15,0,15,3,0,3022,1619,0.3498,0.1874,111.867
balance,200,multistation,42,42,42,26,3,5,0.1612,3,duration,408,3,405,213,0,0,192,115,36,3,37,0,1,6850,3955,0.9514,0.5493,267.392
balance,200,multistation,42,42,42,27,2,4,0.399,2,duration,204,0,204,187,0,0,17,11,4,0,2,0,0,549,350,0.0953,0.0608,21.592
balance,200,multistation,42,42,42,28,3,4,0.8962,3,duration,391,0,391,345,0,0,46,32,6,0,8,0,0,1562,991,0.2712,0.172,68.283
balance,200,multistation,42,42,42,29,3,5,0.2195,3,duration,412,0,412,322,0,0,90,44,20,0,25,0,1,3280,1499,0.4556,0.2082,124.317
balance,200,multistation,42,42,42,30,1,6,0.1037,1,duration,422,0,422,296,0,0,126,79,25,0,20,2,0,4807,2856,0.5564,0.3306,174.75
balance,200,multistation,42,42,42,31,2,5,0.4794,2,duration,217,0,217,174,0,0,43,24,10,0,9,0,0,1473,847,0.2046,0.1176,59.25
balance,200,multistation,42,42,42,32,0,5,0.2756,0,duration,96,0,96,72,0,0,24,12,5,0,7,0,0,790,412,0.1097,0.0572,31.1
balance,200,multistation,42,42,42,33,1,4,0.6703,1,duration,106,0,106,101,0,0,5,3,1,0,1,0,0,218,147,0.0378,0.0255,9.508
balance,200,multistation,42,42,42,34,0,5,0.3553,0,duration,87,0,87,82,0,0,5,5,0,0,0,0,0,167,157,0.0232,0.0218,7.775
balance,200,multistation,42,42,42,35,0,6,0.6129,0,duration,208,0,208,188,0,0,20,17,2,0,1,0,0,707,569,0.0818,0.0659,32.933
balance,200,multistation,42,42,42,36,3,6,0.4159,3,duration,225,0,225,197,0,0,28,19,3,0,5,1,0,1134,668,0.1313,0.0773,44.992
balance,200,multistation,42,42,42,37,0,4,0.6312,0,duration,468,0,468,459,0,0,9,5,3,0,1,0,0,429,241,0.0745,0.0418,12.142
balance,200,multistation,42,42,42,38,3,6,0.7902,3,duration,503,0,503,488,0,0,15,7,5,0,3,0,0,481,242,0.0557,0.028,16.942
balance,200,multistation,42,42,42,39,1,6,0.6455,1,duration,213,0,213,196,0,0,17,11,4,0,2,0,0,533,342,0.0617,0.0396,23.875
