scenario,nb_cars,method,seed,world_seed,grid_seed,demand_id,car_id,slot,nb_stations,nb_offers,confirmed,confirm_attempts,first_offer_ms,last_offer_ms,selection_ms,confirmation_ms,total_ms
optimistic,50,multistation,42,42,42,t00000-c00008,8,0,6,6,True,1,112.25816599835525,2618.9040829995065,973.5254579973116,0.042917003156617284,3592.4724579999747
optimistic,50,multistation,42,42,42,t00000-c00020,20,0,10,10,True,1,236.26183300075354,3350.650874999701,241.88437500197324,0.011083000572398305,3592.5463330022467
optimistic,50,multistation,42,42,42,t00000-c00024,24,0,12,12,True,1,236.22758300189162,3592.3079999993206,0.23883300309535116,0.007499998901039362,3592.554333001317
optimistic,50,multistation,42,42,42,t00000-c00025,25,0,5,5,True,1,504.597791001288,3592.2760409994225,0.26645899924915284,0.005207999492995441,3592.5477079981647
optimistic,50,multistation,42,42,42,t00000-c00033,33,0,5,5,True,1,112.11858399838093,2618.764458999067,973.769041000196,0.004792000254383311,3592.5382919995172
optimistic,50,multistation,42,42,42,t00000-c00034,34,0,6,6,True,1,310.9086659969762,3393.1131249992177,199.41254099830985,0.005084002623334527,3592.530750000151
optimistic,50,multistation,42,42,42,t00000-c00048,48,0,7,7,True,1,310.877709001943,2618.702709001809,973.8147079988266,0.004624998837243766,3592.522041999473
optimistic,50,multistation,42,42,42,t00009-c00047,47,9,7,7,True,1,37.47066700088908,297.10466699907556,0.01966700074262917,0.017333000869257376,297.14166700068745
optimistic,50,multistation,42,42,42,t00010-c00047,47,10,3,3,True,1,31.418666996614775,108.27537499790196,0.017917001969181,0.014332999853650108,108.3076249997248
optimistic,50,multistation,42,42,42,t00011-c00019,19,11,15,15,True,1,77.36683300026925,769.4247500003257,0.022083000658312812,0.017708000086713582,769.4645410010708
optimistic,50,multistation,42,42,42,t00011-c00047,47,11,3,3,True,1,28.689750000921777,580.8956670007319,188.62495799839962,0.006334001227514818,769.526959000359
optimistic,50,multistation,42,42,42,t00012-c00019,19,12,11,11,True,1,74.79516600142233,709.7336250008084,0.018915998225566,0.01604200224392116,709.7685830012779
optimistic,50,multistation,42,42,42,t00021-c00005,5,21,3,3,True,1,18.481915998563636,67.03991600079462,0.01049999991664663,0.011166997865075245,67.06158299857634
optimistic,50,multistation,42,42,42,t00022-c00031,31,22,3,3,True,1,30.433291001827456,129.23695800054702,0.015166999219218269,0.014750003174412996,129.26687500294065
optimistic,50,multistation,42,42,42,t00025-c00037,37,25,8,8,True,1,39.99716699763667,341.29387499706354,0.019582999811973423,0.01645900192670524,341.3299169988022
optimistic,50,multistation,42,42,42,t00027-c00049,49,27,5,5,True,1,29.021416998148197,195.5300419976993,0.018582999473437667,0.015000001440057531,195.5636249986128
optimistic,50,multistation,42,42,42,t00030-c00016,16,30,5,5,True,1,62.669417002325645,300.5148330012162,0.015792000340297818,0.016250000044237822,300.5468750016007
optimistic,50,multistation,42,42,42,t00037-c00040,40,37,5,5,True,1,20.233625000400934,151.57299999918905,0.017624999600229785,0.01487500048824586,151.60549999927753
optimistic,50,multistation,42,42,42,t00038-c00010,10,38,9,9,True,1,52.20874999940861,398.9407500012021,0.018374998035142198,0.01820800025598146,398.9773329994932
optimistic,50,multistation,42,42,42,t00039-c00010,10,39,7,7,True,1,176.3082499965094,1085.6669999993755,0.016582998796366155,0.015249999705702066,1085.6988329978776
optimistic,50,multistation,42,42,42,t00039-c00014,14,39,7,7,True,1,92.71904200068093,1027.3947919995408,58.33754099876387,0.006792000931454822,1085.739124999236
optimistic,50,multistation,42,42,42,t00043-c00025,25,43,5,5,True,1,60.22366699835402,491.08049999995274,0.018167000234825537,0.015833000361453742,491.114500000549
optimistic,50,multistation,42,42,42,t00044-c00027,27,44,3,3,True,1,41.829624999081716,128.22049999886076,0.015499997971346602,0.013792003301205114,128.2497920001333
optimistic,50,multistation,42,42,42,t00045-c00002,2,45,11,11,True,1,43.168707998120226,478.08079199967324,0.018875001842388883,0.015082998288562521,478.1147499998042
optimistic,50,multistation,42,42,42,t00050-c00007,7,50,4,4,True,1,78.90216699888697,327.4809579997964,0.015375000657513738,0.014083998394198716,327.5104169988481
optimistic,50,multistation,42,42,42,t00050-c00013,13,50,6,6,True,1,78.86575000156881,327.44437500150525,0.11712500054272823,0.006415997631847858,327.5679159996798
optimistic,50,multistation,42,42,42,t00051-c00007,7,51,4,4,True,1,46.107915997708915,202.4132499973348,0.014708002709085122,0.015833000361453742,202.44379100040533
optimistic,50,multistation,42,42,42,t00052-c00038,38,52,4,4,True,1,132.69454200053588,426.72454200146603,65.72229199809954,0.015749999874969944,492.46258399944054
optimistic,50,multistation,42,42,42,t00052-c00043,43,52,6,6,True,1,52.27500000182772,492.39483299970743,0.100583001767518,0.006791997293476015,492.5022079987684
optimistic,50,multistation,42,42,42,t00053-c00043,43,53,7,7,True,1,53.175582997937454,469.2019159992924,0.02120899807778187,0.014250003005145118,469.2373750003753
optimistic,50,multistation,42,42,42,t00055-c00046,46,55,4,4,True,1,23.768708000716288,110.94883300029323,0.016166999557754025,0.012458000128390267,110.97745799997938
optimistic,50,multistation,42,42,42,t00057-c00023,23,57,3,3,True,1,64.9507909984095,228.36254099820508,0.016834001144161448,0.015165998775046319,228.39454099812428
optimistic,50,multistation,42,42,42,t00058-c00001,1,58,3,3,True,1,86.76337499855435,338.6922079989745,0.01529200017102994,0.016499998309882358,338.7239999974554
optimistic,50,multistation,42,42,42,t00058-c00023,23,58,3,3,True,1,48.12241699983133,249.04341699948418,89.72170800188906,0.006916998245287687,338.7720419996185
optimistic,50,multistation,42,42,42,t00060-c00003,3,60,3,3,True,1,66.7167920000793,250.53349999870989,0.01633400097489357,0.01458300175727345,250.56441700144205
optimistic,50,multistation,42,42,42,t00061-c00012,12,61,7,7,True,1,40.56000000127824,207.9797080004937,0.017292000848101452,0.013791999663226306,208.01079200100503
optimistic,50,multistation,42,42,42,t00062-c00040,40,62,6,6,True,1,25.915333000739338,170.11887500120793,0.019249997421866283,0.014707999071106315,170.1528329977009
optimistic,50,multistation,42,42,42,t00066-c00036,36,66,9,9,True,1,50.15787500087754,370.4995420011983,0.019832998077617958,0.01654200241318904,370.5359170016891
optimistic,50,multistation,42,42,42,t00067-c00039,39,67,7,7,True,1,60.77400000140187,298.0924170005892,0.01766700006555766,0.014707999071106315,298.12479199972586
optimistic,50,multistation,42,42,42,t00068-c00039,39,68,3,3,True,1,31.01841600073385,127.61937500181375,0.017374997696606442,0.01208300091093406,127.64883300042129
optimistic,50,multistation,42,42,42,t00074-c00016,16,74,6,6,True,1,55.70112500208779,455.92312500230037,0.017499998648418114,0.014291999832494184,455.9549170007813
optimistic,50,multistation,42,42,42,t00084-c00038,38,84,4,4,True,1,26.271499998983927,181.23833400022704,0.017374997696606442,0.01416600207448937,181.26987499999814
optimistic,50,multistation,42,42,42,t00085-c00006,6,85,3,3,True,1,24.00462500008871,116.49804199987557,0.01237499964190647,0.011416999768698588,116.52183399928617
optimistic,50,multistation,42,42,42,t00089-c00018,18,89,6,6,True,1,41.61420799937332,276.7845410016889,0.016916997992666438,0.016125002730404958,276.817583002412
optimistic,50,multistation,42,42,42,t00091-c00032,32,91,7,7,True,1,50.32304199994542,273.0228749969683,0.016666999727021903,0.012500000593718141,273.05204199728905
optimistic,50,multistation,42,42,42,t00092-c00032,32,92,7,7,True,1,45.633958998223534,254.04108399743563,0.01841600169427693,0.012749998859362677,254.07224999798927
optimistic,50,multistation,42,42,42,t00095-c00000,0,95,9,9,True,1,59.66837499727262,389.40987499881885,0.017207999917445704,0.01620799957890995,389.4432909983152
optimistic,50,multistation,42,42,42,t00097-c00030,30,97,7,7,True,1,35.506374999386026,191.88833399675786,0.015958001313265413,0.011583000741666183,191.9158749988128
optimistic,50,multistation,42,42,42,t00099-c00028,28,99,4,4,True,1,57.13629200181458,289.85566700066556,0.016292000509565696,0.013790999219054356,289.8857500003942
optimistic,50,multistation,42,42,42,t00103-c00022,22,103,5,5,True,1,38.07991699795821,260.7614999978978,0.017958001990336925,0.014375000318977982,260.7938330002071
optimistic,50,multistation,42,42,42,t00107-c00009,9,107,3,3,True,1,59.002999998483574,196.2166659977811,0.016792000678833574,0.014707999071106315,196.24816599753103
optimistic,50,multistation,42,42,42,t00108-c00044,44,108,4,4,True,1,58.18470800295472,273.77837500171154,0.017207999917445704,0.014291999832494184,273.8098750014615
optimistic,50,multistation,42,42,42,t00109-c00044,44,109,4,4,True,1,57.141083998430986,266.6534589989169,0.018040998838841915,0.014375000318977982,266.6858749980747
optimistic,50,multistation,42,42,42,t00117-c00015,15,117,3,3,True,1,20.265582999854814,91.45745799833094,0.013208002201281488,0.012166998203611001,91.48283299873583
optimistic,50,multistation,42,42,42,t00120-c00011,11,120,4,4,True,1,107.14775000087684,631.483584002126,0.015040997823234648,0.015875000826781616,631.514500000776
optimistic,50,multistation,42,42,42,t00120-c00018,18,120,6,6,True,1,51.484249997884035,558.4435829987342,73.10604200029047,0.006874997779959813,631.5564999968046
optimistic,50,multistation,42,42,42,t00122-c00038,38,122,9,9,True,1,68.90483300230699,464.3285000020114,0.02274999860674143,0.017417001799913123,464.3686670024181
optimistic,50,multistation,42,42,42,t00123-c00038,38,123,5,5,True,1,48.41908299931674,218.99191600095946,0.018583999917609617,0.01424999936716631,219.02475000024424
optimistic,50,multistation,42,42,42,t00124-c00016,16,124,7,7,True,1,86.31166700070025,460.9438340012275,0.016250000044237822,0.015333000192185864,460.97541700146394
optimistic,50,multistation,42,42,42,t00125-c00021,21,125,4,4,True,1,35.420625001279404,154.8046659991087,0.013959001080365852,0.012832999345846474,154.8314579995349
optimistic,50,multistation,42,42,42,t00135-c00045,45,135,7,7,True,1,56.80129199754447,295.21037499944214,0.019707997125806287,0.016292000509565696,295.2463749970775
optimistic,50,multistation,42,42,42,t00136-c00042,42,136,4,4,True,1,71.00524999987101,314.415500000905,0.01654199877521023,0.014042001566849649,314.4460840012471
optimistic,50,multistation,42,42,42,t00137-c00026,26,137,7,7,True,1,59.20312499802094,318.6144579995016,0.01716699989628978,0.014749999536434188,318.64637499893433
optimistic,50,multistation,42,42,42,t00143-c00005,5,143,6,6,True,1,24.153917001967784,142.01291700010188,0.016500001947861165,0.017292000848101452,142.04670900289784
optimistic,50,multistation,42,42,42,t00144-c00005,5,144,3,3,True,1,21.823584000230767,199.7821250006382,58.753499997692415,0.014667002687929198,258.55029200101853
optimistic,50,multistation,42,42,42,t00144-c00015,15,144,4,4,True,1,65.66091700005927,258.48579200101085,0.10195800132350996,0.006249996658880264,258.59399999899324
optimistic,50,multistation,42,42,42,t00147-c00022,22,147,9,9,True,1,96.7012920009438,998.4315420006169,0.020667001081164926,0.019374998373677954,998.4715840000717
optimistic,50,multistation,42,42,42,t00149-c00048,48,149,3,3,True,1,27.588000000832835,115.76541700196685,0.01612499909242615,0.013124998076818883,115.7946669991361
optimistic,50,multistation,42,42,42,t00150-c00048,48,150,3,3,True,1,30.420750001212582,125.51887500012526,0.018250000721309334,0.014417000784305856,125.55154200163088
optimistic,50,multistation,42,42,42,t00153-c00046,46,153,10,10,True,1,50.25704199942993,395.83658400079,0.022415999410441145,0.017709000530885532,395.87670900073135
optimistic,50,multistation,42,42,42,t00155-c00004,4,155,4,4,True,1,57.501749997754814,384.0641669994511,0.017207999917445704,0.01716699989628978,384.09854199926485
optimistic,50,multistation,42,42,42,t00156-c00017,17,156,7,7,True,1,42.177209001238225,236.34370900253998,0.015333000192185864,0.013249999028630555,236.3722920017608
optimistic,50,multistation,42,42,42,t00158-c00029,29,158,6,6,True,1,88.20608299720334,578.3097079984145,0.020209001377224922,0.018124999769497663,578.3480419995612
optimistic,50,multistation,42,42,42,t00163-c00041,41,163,6,6,True,1,42.95420800190186,360.00549999880604,0.017708000086713582,0.01529200017102994,360.0384999990638
optimistic,50,multistation,42,42,42,t00164-c00041,41,164,4,4,True,1,70.61966699984623,404.19754200047464,0.01779100057319738,0.016999998479150236,404.232332999527
optimistic,50,multistation,42,42,42,t00177-c00034,34,177,3,3,True,1,24.25033300096402,84.0238330019929,0.013749999197898433,0.010457999451318756,84.04804100064212
optimistic,50,multistation,42,42,42,t00186-c00033,33,186,7,7,True,1,52.89049999919371,319.8529580004106,0.019499999325489625,0.016292000509565696,319.88875000024564
optimistic,50,multistation,42,42,42,t00189-c00040,40,189,5,5,True,1,20.046333000209415,134.44566600082908,0.016792000678833574,0.011916999937966466,134.47437500144588
optimistic,50,multistation,42,42,42,t00190-c00012,12,190,4,4,True,1,166.17724999741768,548.0402920002234,0.013749999197898433,0.013582997780758888,548.0676249972021
optimistic,50,multistation,42,42,42,t00190-c00047,47,190,7,7,True,1,166.14079200007836,498.21979199987254,49.894291998498375,0.006583002686966211,548.1206670010579
optimistic,50,multistation,42,42,42,t00191-c00012,12,191,7,7,True,1,34.61687500021071,285.82216699942364,0.017250000382773578,0.014207998901838437,285.85362499870826
optimistic,50,multistation,42,42,42,t00192-c00012,12,192,4,4,True,1,39.66425000180607,198.15812500019092,0.015417001122841612,0.015417001122841612,198.1889590024366
optimistic,50,multistation,42,42,42,t00198-c00020,20,198,3,3,True,1,41.04741699848091,158.68995799974073,0.02016700091189705,0.013791999663226306,158.72391700031585
optimistic,50,multistation,42,42,42,t00207-c00035,35,207,4,4,True,1,31.86324999842327,142.93437499873107,0.01487500048824586,0.014125002053333446,142.96337500127265
optimistic,50,multistation,42,42,42,t00210-c00013,13,210,6,6,True,1,39.42499999902793,518.8080419975449,40.60220800238312,0.015457997506018728,559.4257079974341
optimistic,50,multistation,42,42,42,t00210-c00031,31,210,7,7,True,1,97.0957499994256,559.3566669995198,0.11091700071119703,0.007833001291146502,559.4754170015221
optimistic,50,multistation,42,42,42,t00211-c00037,37,211,7,7,True,1,36.40599999926053,199.96191599784652,0.018124999769497663,0.013500000932253897,199.99354099854827
optimistic,50,multistation,42,42,42,t00213-c00049,49,213,4,4,True,1,35.44333400350297,157.55879200150957,0.01591700129210949,0.013374999980442226,157.58808400278213
optimistic,50,multistation,42,42,42,t00229-c00043,43,229,6,6,True,1,44.202375000168104,291.2180420025834,0.01870799678727053,0.013500000932253897,291.2502500003029
optimistic,50,multistation,42,42,42,t00244-c00024,24,244,14,14,True,1,66.1653329989349,928.5664169983647,0.022125001123640686,0.017915997887030244,928.6064579973754
optimistic,50,multistation,42,42,42,t00245-c00024,24,245,10,10,True,1,57.351417002792004,504.57558299967786,0.01808399974834174,0.01416600207448937,504.6078330015007
optimistic,50,multistation,42,42,42,t00248-c00005,5,248,8,8,True,1,28.100166000513127,235.37158299950534,0.015749999874969944,0.014332999853650108,235.40166599923396
optimistic,50,multistation,42,42,42,t00251-c00031,31,251,3,3,True,1,51.820291999320034,206.87704200099688,0.015958001313265413,0.012916996638523415,206.90591699894867
optimistic,50,multistation,42,42,42,t00262-c00008,8,262,3,3,True,1,63.586584001313895,526.5530000033323,46.912208999856375,0.01537499701953493,573.4805840002082
optimistic,50,multistation,42,42,42,t00262-c00023,23,262,7,7,True,1,129.91549999787821,573.4166669972183,0.1200420010718517,0.007665999874006957,573.5443749981641
optimistic,50,multistation,42,42,42,t00263-c00008,8,263,6,6,True,1,64.50183299966739,410.88058300010744,0.015000001440057531,0.014416997146327049,410.9099999986938
optimistic,50,multistation,42,42,42,t00265-c00002,2,265,4,4,True,1,254.55458299984457,1080.1288329967065,0.016084002709249035,0.016915997548494488,1080.1618329969642
optimistic,50,multistation,42,42,42,t00265-c00019,19,265,5,5,True,1,85.73025000077905,940.6543750010314,139.5581670003594,0.007791000825818628,1080.2203330022166
optimistic,50,multistation,42,42,42,t00265-c00027,27,265,11,11,True,1,128.25833399983821,1027.6097919995664,52.608583002438536,0.007333997928071767,1080.225708999933
optimistic,50,multistation,42,42,42,t00266-c00006,6,266,5,5,True,1,329.43129200066323,913.0497500009369,215.7645829975081,0.01995899947360158,1128.8342919979186
optimistic,50,multistation,42,42,42,t00266-c00027,27,266,6,6,True,1,41.577791002055164,989.0111660024559,139.8608339986822,0.006791000487282872,1128.8787910016254
optimistic,50,multistation,42,42,42,t00266-c00036,36,266,11,11,True,1,109.27345800155308,1128.7269580025168,0.152749998960644,0.007375001587206498,1128.8870830030646
optimistic,50,multistation,42,42,42,t00279-c00018,18,279,5,5,True,1,21.803833999001654,116.93591699804529,0.015417001122841612,0.012415999663062394,116.96374999883119
optimistic,50,multistation,42,42,42,t00294-c00006,6,294,4,4,True,1,46.83699999804958,252.78362500102958,0.015915997209958732,0.015749999874969944,252.8152909981145
optimistic,50,multistation,42,42,42,t00296-c00010,10,296,9,9,True,1,62.04191700089723,557.3591669999587,0.02099999983329326,0.018165999790653586,557.3983329995826
optimistic,50,multistation,42,42,42,t00304-c00000,0,304,9,9,True,1,31.206875002681045,238.38350000005448,0.01654100196901709,0.017292000848101452,238.4173330028716
optimistic,50,multistation,42,42,42,t00311-c00007,7,311,7,7,True,1,34.16912499960745,380.9492919972399,80.64491600089241,0.015334000636357814,461.6095419987687
optimistic,50,multistation,42,42,42,t00311-c00039,39,311,4,4,True,1,93.06550000110292,461.5412080020178,0.11033299961127341,0.006499998562503606,461.6580410001916
optimistic,50,multistation,42,42,42,t00325-c00046,46,325,6,6,True,1,53.04979100037599,250.51612500101328,0.017207999917445704,0.01445800080546178,250.5477910017362
optimistic,50,multistation,42,42,42,t00330-c00001,1,330,9,9,True,1,50.95358399921679,355.1063750019239,0.01774999691406265,0.014042001566849649,355.1381670004048
optimistic,50,multistation,42,42,42,t00332-c00048,48,332,3,3,True,1,55.11954199755564,186.048416999256,0.017750000552041456,0.011874999472638592,186.07804199928069
optimistic,50,multistation,42,42,42,t00333-c00038,38,333,7,7,True,1,52.29841700202087,267.7040000016859,0.018249997083330527,0.013917000615037978,267.7361669993843
optimistic,50,multistation,42,42,42,t00334-c00018,18,334,4,4,True,1,42.02775000157999,188.54470800215495,0.014417000784305856,0.015166999219218269,188.57429200215847
optimistic,50,multistation,42,42,42,t00336-c00030,30,336,7,7,True,1,33.59916699992027,241.19974999848637,0.018500002624932677,0.016082998627098277,241.2343329997384
optimistic,50,multistation,42,42,42,t00341-c00014,14,341,7,7,True,1,53.774167001392925,290.20420799861313,0.016417001461377367,0.013249999028630555,290.23387499910314
optimistic,50,multistation,42,42,42,t00349-c00032,32,349,8,8,True,1,41.78558400235488,346.5406670002267,0.020375002350192517,0.014666999049950391,346.5757090016268
optimistic,50,multistation,42,42,42,t00353-c00021,21,353,11,11,True,1,57.68704200090724,651.1632080000709,0.020291998225729913,0.014667002687929198,651.1981670009845
optimistic,50,multistation,42,42,42,t00356-c00046,46,356,11,11,True,1,42.55362500043702,430.0136249985371,0.021291001758072525,0.01445900124963373,430.04937500154483
optimistic,50,multistation,42,42,42,t00361-c00003,3,361,12,12,True,1,68.26837499829708,940.0083750006161,0.019374998373677954,0.015875000826781616,940.0436249998165
optimistic,50,multistation,42,42,42,t00362-c00003,3,362,11,11,True,1,230.83808299998054,1147.3526249974384,0.02049999966402538,0.015749999874969944,1147.3888749969774
optimistic,50,multistation,42,42,42,t00362-c00045,45,362,8,8,True,1,230.8019170013722,1147.316333001072,0.1150839998445008,0.006499998562503606,1147.437916999479
optimistic,50,multistation,42,42,42,t00363-c00038,38,363,5,5,True,1,45.081792002747534,267.4282920015685,0.018040998838841915,0.01487500048824586,267.46120800089557
optimistic,50,multistation,42,42,42,t00364-c00025,25,364,7,7,True,1,46.838875001412816,360.73954200037406,0.017082998965634033,0.014083001588005573,360.7707080009277
optimistic,50,multistation,42,42,42,t00366-c00017,17,366,3,3,True,1,33.37250000186032,128.48716600274201,0.01349999729427509,0.011833999451482669,128.51249999948777
optimistic,50,multistation,42,42,42,t00368-c00001,1,368,4,4,True,1,46.8858749991341,496.44599999737693,0.013958000636193901,0.014125002053333446,496.47408300006646
optimistic,50,multistation,42,42,42,t00368-c00043,43,368,7,7,True,1,103.01108299972839,433.39641700003995,63.11554100102512,0.006999998731771484,496.51895799979684
optimistic,50,multistation,42,42,42,t00369-c00015,15,369,3,3,True,1,105.75124999741092,250.78454100003,25.119208999967668,0.012415999663062394,275.91616599966073
optimistic,50,multistation,42,42,42,t00369-c00040,40,369,8,8,True,1,30.40270900237374,275.8549590034818,0.11620799705269746,0.006666999979643151,275.9778340005141
optimistic,50,multistation,42,42,42,t00370-c00015,15,370,5,5,True,1,31.30520799822989,212.22683299856726,0.01841700213844888,0.01495799733675085,212.26020799804246
optimistic,50,multistation,42,42,42,t00370-c00034,34,370,3,3,True,1,31.26950000296347,212.19145800205297,0.1081669979612343,0.005249999958323315,212.30487499997253
optimistic,50,multistation,42,42,42,t00379-c00026,26,379,3,3,True,1,36.239707998902304,133.05087499975343,0.014833000022917986,0.01154200072051026,133.07725000049686
optimistic,50,multistation,42,42,42,t00381-c00033,33,381,6,6,True,1,40.1640000018233,247.41470899971318,0.018875001842388883,0.013916000170866027,247.44750000172644
optimistic,50,multistation,42,42,42,t00390-c00046,46,390,4,4,True,1,74.93895800143946,349.25775000010617,0.01745799818309024,0.015500001609325409,349.2907079998986
optimistic,50,multistation,42,42,42,t00391-c00037,37,391,5,5,True,1,100.14512500129058,533.4811249995255,0.017000002117129043,0.01495799733675085,533.5130829989794
optimistic,50,multistation,42,42,42,t00391-c00046,46,391,5,5,True,1,60.26091600142536,480.1318749996426,53.42125000242959,0.006832997314631939,533.5599579993868
optimistic,50,multistation,42,42,42,t00395-c00035,35,395,9,9,True,1,52.54012499790406,401.84579199922155,0.020791001588804647,0.016499998309882358,401.88308299912023
optimistic,50,multistation,42,42,42,t00398-c00044,44,398,3,3,True,1,53.62641700048698,206.3044170026842,0.017708000086713582,0.014833996829111129,206.33695899960003
optimistic,50,multistation,42,42,42,t00399-c00038,38,399,3,3,True,1,26.72391599844559,128.76124999820604,0.016500001947861165,0.012749998859362677,128.79049999901326
optimistic,50,multistation,42,42,42,t00400-c00038,38,400,3,3,True,1,21.38316700074938,110.33033300191164,0.015333996998379007,0.011291002010693774,110.35695800092071
optimistic,50,multistation,42,42,42,t00408-c00011,11,408,3,3,True,1,70.12825000128942,563.2006250016275,70.41312499859487,0.01716699989628978,633.6309170001186
optimistic,50,multistation,42,42,42,t00408-c00012,12,408,7,7,True,1,122.66270799955237,633.5604579981009,0.11041700054192916,0.007458002073690295,633.6783330007165
optimistic,50,multistation,42,42,42,t00410-c00016,16,410,3,3,True,1,34.9086249989341,147.730540997145,0.015584002539981157,0.01320799856330268,147.75933299824828
optimistic,50,multistation,42,42,42,t00413-c00005,5,413,4,4,True,1,12.115916000766447,85.74887500071782,0.01341600000159815,0.013208999007474631,85.77549999972689
optimistic,50,multistation,42,42,42,t00415-c00042,42,415,8,8,True,1,64.23200000062934,524.6522090019425,0.019832998077617958,0.017875001503853127,524.689917001524
optimistic,50,multistation,42,42,42,t00418-c00049,49,418,5,5,True,1,41.64620799929253,209.788332998869,0.016166999557754025,0.01320799856330268,209.81770799699007
optimistic,50,multistation,42,42,42,t00419-c00009,9,419,13,13,True,1,51.73500000091735,616.669582999748,0.0212500017369166,0.017541999113745987,616.7083750005986
optimistic,50,multistation,42,42,42,t00422-c00041,41,422,3,3,True,1,33.68074999889359,167.24379199877148,0.016833000699989498,0.015000001440057531,167.27562500091153
optimistic,50,multistation,42,42,42,t00443-c00024,24,443,5,5,True,1,397.2259590009344,1254.760333999002,349.4953750014247,0.015540997992502525,1604.271249998419
optimistic,50,multistation,42,42,42,t00443-c00028,28,443,13,13,True,1,125.61899999855086,1556.3858749992505,47.91950000071665,0.009499999578110874,1604.3148749995453
optimistic,50,multistation,42,42,42,t00443-c00029,29,443,6,6,True,1,75.5706249983632,1481.849666000926,122.4514999994426,0.0057920005929190665,1604.3069580009615
optimistic,50,multistation,42,42,42,t00443-c00047,47,443,4,4,True,1,214.10212499904446,1604.119667001214,0.17504099741927348,0.0046670029405504465,1604.299375001574
optimistic,50,multistation,42,42,42,t00448-c00013,13,448,7,7,True,1,24.234041000454454,127.27199999790173,0.015833000361453742,0.012125001376261935,127.29995799963945
optimistic,50,multistation,42,42,42,t00449-c00044,44,449,13,13,True,1,56.85770799755119,703.3083329988585,0.02316699828952551,0.017250000382773578,703.3487499975308
optimistic,50,multistation,42,42,42,t00458-c00000,0,458,3,3,True,1,22.80320799764013,82.75116599907051,0.013041997590335086,0.012583001080201939,82.77679099774105
optimistic,50,multistation,42,42,42,t00466-c00007,7,466,3,3,True,1,35.434500001429114,116.97587500020745,0.01208300091093406,0.011084001016570255,116.99904200213496
optimistic,50,multistation,42,42,42,t00468-c00022,22,468,5,5,True,1,37.489457998162834,298.1809999982943,0.01620799957890995,0.014792000001762062,298.21199999787495
optimistic,50,multistation,42,42,42,t00470-c00020,20,470,8,8,True,1,85.23779199822457,506.37941699824296,0.020041999960085377,0.017875001503853127,506.4173339997069
optimistic,50,multistation,42,42,42,t00471-c00002,2,471,6,6,True,1,35.085208000964485,239.94445800053654,0.015375000657513738,0.012917000276502222,239.97275000147056
optimistic,50,multistation,42,42,42,t00479-c00031,31,479,6,6,True,1,43.02437500155065,268.208917001175,0.017415997717762366,0.014959001418901607,268.24129200031166
optimistic,50,multistation,42,42,42,t00480-c00031,31,480,6,6,True,1,20.226125001499895,129.284833001293,0.018832997739082202,0.012874999811174348,129.31654099884327
optimistic,50,multistation,42,42,42,t00481-c00031,31,481,6,6,True,1,43.991375001496635,276.0298339999281,0.01979100125026889,0.01412499841535464,276.0637499995937
optimistic,50,multistation,42,42,42,t00483-c00024,24,483,4,4,True,1,99.30370800066157,331.768916999863,0.01633300053072162,0.012332999176578596,331.7975829995703
optimistic,50,multistation,42,42,42,t00494-c00018,18,494,3,3,True,1,28.478959000494797,109.19112500050687,0.01733399767545052,0.014083001588005573,109.22254199977033
optimistic,50,multistation,42,42,42,t00503-c00023,23,503,3,3,True,1,40.00704099962604,179.18558300152654,0.0155829984578304,0.012209002306917682,179.2133750022913
optimistic,50,multistation,42,42,42,t00506-c00004,4,506,4,4,True,1,130.02050000068266,632.9542089988536,0.014416000340133905,0.014834000467089936,632.9834589996608
optimistic,50,multistation,42,42,42,t00506-c00034,34,506,5,5,True,1,24.132165999617428,484.77079100121045,148.24399999997695,0.006416998076019809,633.0212079992634
optimistic,50,multistation,42,42,42,t00511-c00010,10,511,3,3,True,1,36.66425000119489,155.8029580010043,0.015875000826781616,0.012291999155422673,155.8311250009865
optimistic,50,multistation,42,42,42,t00517-c00036,36,517,5,5,True,1,23.433541999111185,275.13600000020233,0.01904199962154962,0.01383299968438223,275.16887499950826
optimistic,50,multistation,42,42,42,t00518-c00014,14,518,6,6,True,1,92.50137500202982,598.0962499997986,0.016250000044237822,0.014500001270789653,598.1270000011136
optimistic,50,multistation,42,42,42,t00527-c00043,43,527,9,9,True,1,36.522541999147506,251.7934579991561,0.019916999008273706,0.012583001080201939,251.82595799924457
optimistic,50,multistation,42,42,42,t00538-c00006,6,538,14,14,True,1,48.57375000210595,646.1472080009116,0.018750000890577212,0.0167500002135057,646.1827080020157
optimistic,50,multistation,42,42,42,t00542-c00013,13,542,10,10,True,1,24.666707999131177,257.58870799836586,0.019833001715596765,0.015624998923158273,257.6241659990046
optimistic,50,multistation,42,42,42,t00552-c00001,1,552,3,3,True,1,57.093957999313716,190.96479099971475,0.015792000340297818,0.01458300175727345,190.99516600181232
optimistic,50,multistation,42,42,42,t00555-c00025,25,555,11,11,True,1,51.87645800106111,440.26537500030827,0.020457999198697507,0.01599999814061448,440.3018329976476
optimistic,50,multistation,42,42,42,t00560-c00030,30,560,3,3,True,1,25.088541999139125,101.48645899971598,0.01195799995912239,0.010583000403130427,101.50900000007823
optimistic,50,multistation,42,42,42,t00561-c00030,30,561,7,7,True,1,34.0371669990418,188.87379200168652,0.01799999881768599,0.013165998097974807,188.90495799860219
optimistic,50,multistation,42,42,42,t00567-c00048,48,567,7,7,True,1,81.39441700041061,403.6091249981837,0.018167000234825537,0.015666002582293004,403.6429580010008
optimistic,50,multistation,42,42,42,t00569-c00032,32,569,3,3,True,1,36.27370799949858,132.11533299909206,0.015666999388486147,0.01208300091093406,132.14308299939148
optimistic,50,multistation,42,42,42,t00570-c00027,27,570,7,7,True,1,50.54716700033168,241.271124999912,0.02008400042541325,0.01445800080546178,241.30566700114287
optimistic,50,multistation,42,42,42,t00572-c00045,45,572,7,7,True,1,37.380166999355424,353.56975000104285,0.019584000256145373,0.014624998584622517,353.6039589998836
optimistic,50,multistation,42,42,42,t00575-c00046,46,575,3,3,True,1,20.332207997853402,73.418625001068,0.017082998965634033,0.01445900124963373,73.45016700128326
optimistic,50,multistation,42,42,42,t00576-c00014,14,576,3,3,True,1,167.14533299818868,589.5862079996732,0.01633300053072162,0.013541997759602964,589.6160829979635
optimistic,50,multistation,42,42,42,t00577-c00033,33,577,11,11,True,1,19.492374998662854,307.54850000084843,0.021374999050749466,0.016250000044237822,307.5861249999434
optimistic,50,multistation,42,42,42,t00579-c00005,5,579,12,12,True,1,22.467416998551926,211.48933299991768,0.02216700158896856,0.016999998479150236,211.5284999999858
optimistic,50,multistation,42,42,42,t00590-c00008,8,590,7,7,True,1,150.65104099994642,597.8062499998487,24.59804099999019,0.015042001905385405,622.4193330017442
optimistic,50,multistation,42,42,42,t00590-c00030,30,590,8,8,True,1,34.25945799972396,622.3481669985631,0.09750000026542693,0.0072500006353948265,622.4529169994639
optimistic,50,multistation,42,42,42,t00591-c00038,38,591,4,4,True,1,43.94949999914388,202.58612500037998,0.019874998542945832,0.015792000340297818,202.62179199926322
optimistic,50,multistation,42,42,42,t00591-c00040,40,591,4,4,True,1,43.91620900059934,202.5526670004183,0.11941699995077215,0.005875001079402864,202.67795900144847
optimistic,50,multistation,42,42,42,t00592-c00039,39,592,3,3,True,1,28.37516700310516,117.56208299993887,0.017125003068940714,0.01383400012855418,117.59304200313636
optimistic,50,multistation,42,42,42,t00594-c00001,1,594,3,3,True,1,44.96379200281808,188.1684590007353,0.01229100234922953,0.012166998203611001,188.19291700128815
optimistic,50,multistation,42,42,42,t00595-c00001,1,595,4,4,True,1,69.83958300043014,323.2440419997147,0.014375000318977982,0.013875000149710104,323.27229200018337
optimistic,50,multistation,42,42,42,t00603-c00019,19,603,14,14,True,1,69.85799999893061,891.4859590004198,0.020625000615837052,0.017499998648418114,891.5240839996841
optimistic,50,multistation,42,42,42,t00608-c00032,32,608,12,12,True,1,51.86212500120746,555.0965840011486,0.02141599907190539,0.014291999832494184,555.132292000053
optimistic,50,multistation,42,42,42,t00610-c00026,26,610,7,7,True,1,42.10995799803641,211.29649999784306,0.016583002434344962,0.01174999852082692,211.32483299879823
optimistic,50,multistation,42,42,42,t00612-c00017,17,612,8,8,True,1,26.245834000292234,309.38899999819114,0.01870900086942129,0.01612499909242615,309.423833998153
optimistic,50,multistation,42,42,42,t00618-c00015,15,618,11,11,True,1,29.963665998366196,327.46333300019614,0.019874998542945832,0.015833000361453742,327.49904099910054
optimistic,50,multistation,42,42,42,t00621-c00041,41,621,3,3,True,1,46.241874999395804,192.74583299920778,0.016000001778593287,0.013917000615037978,192.7757500016014
optimistic,50,multistation,42,42,42,t00624-c00049,49,624,7,7,True,1,34.6828750007262,265.818957999727,0.020833998860325664,0.015749999874969944,265.8555419984623
optimistic,50,multistation,42,42,42,t00626-c00000,0,626,3,3,True,1,18.401375000394182,89.51633300239337,0.010416999430162832,0.010207997547695413,89.53695799937123
optimistic,50,multistation,42,42,42,t00627-c00012,12,627,5,5,True,1,50.573332999192644,220.72395799841615,0.014624998584622517,0.011874999472638592,220.75045799647341
optimistic,50,multistation,42,42,42,t00630-c00003,3,630,5,5,True,1,20.815042000322137,171.87045899845543,0.015124998753890395,0.0124160033010412,171.89800000051036
optimistic,50,multistation,42,42,42,t00633-c00007,7,633,7,7,True,1,42.90770899751806,227.10824999739998,0.016125002730404958,0.013624998246086761,227.13799999837647
optimistic,50,multistation,42,42,42,t00635-c00008,8,635,7,7,True,1,56.13695899955928,292.66158400059794,0.016250000044237822,0.012832999345846474,292.690666999988
optimistic,50,multistation,42,42,42,t00641-c00017,17,641,3,3,True,1,29.143374998966465,123.35716700181365,0.015040997823234648,0.011916999937966466,123.38412499957485
optimistic,50,multistation,42,42,42,t00643-c00037,37,643,9,9,True,1,58.89512499925331,410.87120799784316,0.017417001799913123,0.014958000974729657,410.9035830006178
optimistic,50,multistation,42,42,42,t00644-c00018,18,644,7,7,True,1,42.636665999452816,214.74858300280175,0.018332997569814324,0.012417000107234344,214.7793330004788
optimistic,50,multistation,42,42,42,t00645-c00043,43,645,4,4,True,1,21.233208000921877,151.00304199950187,0.016583002434344962,0.012917000276502222,151.03254200221272
optimistic,50,multistation,42,42,42,t00646-c00043,43,646,7,7,True,1,46.649167001305614,236.58383400106686,0.020208000933052972,0.013374999980442226,236.61741700198036
optimistic,50,multistation,42,42,42,t00652-c00009,9,652,8,8,True,1,38.78695800085552,334.1956250005751,0.015958001313265413,0.01424999936716631,334.2258330012555
optimistic,50,multistation,42,42,42,t00653-c00009,9,653,4,4,True,1,35.9346250006638,181.53924999933224,0.016583999240538105,0.011457999789854512,181.56729199836263
optimistic,50,multistation,42,42,42,t00654-c00009,9,654,8,8,True,1,58.78237499928218,372.4714589989162,0.01745799818309024,0.013791999663226306,372.5027089967625
optimistic,50,multistation,42,42,42,t00655-c00009,9,655,11,11,True,1,66.28149999960442,535.3590419981629,0.02112500078510493,0.016375000996049494,535.396541999944
optimistic,50,multistation,42,42,42,t00660-c00034,34,660,6,6,True,1,22.44020799844293,161.55620800054749,0.01662499926169403,0.012291999155422673,161.5851249989646
optimistic,50,multistation,42,42,42,t00661-c00034,34,661,4,4,True,1,29.76558299997123,138.64437499796622,0.015708003047620878,0.010791998647619039,138.67087499966146
optimistic,50,multistation,42,42,42,t00666-c00021,21,666,6,6,True,1,48.484584000107134,318.824666999717,0.017875001503853127,0.014207998901838437,318.8567500001227
optimistic,50,multistation,42,42,42,t00673-c00047,47,673,3,3,True,1,31.774334001966054,107.02720900007989,0.01445800080546178,0.010167001164518297,107.05183400204987
optimistic,50,multistation,42,42,42,t00674-c00017,17,674,5,5,True,1,114.94766599935247,658.2847079989733,0.0180000024556648,0.014499997632810846,658.3172079990618
optimistic,50,multistation,42,42,42,t00674-c00047,47,674,12,12,True,1,28.894375001982553,578.8802500028396,79.50041599906399,0.00829199780127965,658.3889579997049
optimistic,50,multistation,42,42,42,t00675-c00017,17,675,4,4,True,1,60.28325000079349,269.2295830020157,0.017416998161934316,0.0155829984578304,269.2625829986355
optimistic,50,multistation,42,42,42,t00676-c00017,17,676,4,4,True,1,45.39670899976045,200.50504200116848,0.01537499701953493,0.013500000932253897,200.53391699912027
optimistic,50,multistation,42,42,42,t00677-c00035,35,677,5,5,True,1,34.6635839996452,179.4554589978361,0.015000001440057531,0.014165998436510563,179.48462499771267
optimistic,50,multistation,42,42,42,t00683-c00046,46,683,3,3,True,1,36.019208000652725,119.6728750001057,0.014749999536434188,0.012625001545529813,119.70025000118767
optimistic,50,multistation,42,42,42,t00696-c00031,31,696,7,7,True,1,39.38479199860012,217.61825000066892,0.016499998309882358,0.012667002010857686,217.64741700098966
optimistic,50,multistation,42,42,42,t00700-c00005,5,700,6,6,True,1,16.208291999646463,123.69824999768753,0.0134170004457701,0.012958000297658145,123.72462499843095
optimistic,50,multistation,42,42,42,t00702-c00016,16,702,7,7,True,1,46.27404100028798,243.54987499827985,0.015541001630481333,0.012833999790018424,243.57824999970035
optimistic,50,multistation,42,42,42,t00705-c00044,44,705,15,15,True,1,61.61687500207336,886.4097500008938,0.022832999093225226,0.01716699989628978,886.4497499998834
optimistic,50,multistation,42,42,42,t00707-c00022,22,707,13,13,True,1,105.65062499881606,983.3262089996424,0.0234159997489769,0.017209000361617655,983.366833999753
optimistic,50,multistation,42,42,42,t00710-c00024,24,710,5,5,True,1,90.59708300264901,521.3338329995167,40.32579200065811,0.013916000170866027,561.6735410003457
optimistic,50,multistation,42,42,42,t00710-c00033,33,710,9,9,True,1,30.599541998526547,561.6040829991107,0.09829199916566722,0.006666999979643151,561.709041998256
optimistic,50,multistation,42,42,42,t00711-c00002,2,711,7,7,True,1,48.24279200329329,440.5271250034275,0.015624998923158273,0.014666999049950391,440.5574170014006
optimistic,50,multistation,42,42,42,t00711-c00042,42,711,3,3,True,1,174.00875000021188,416.6842500017083,23.906124999484746,0.005333000444807112,440.59570800163783
optimistic,50,multistation,42,42,42,t00718-c00005,5,718,5,5,True,1,12.28225000159,84.63983300316613,0.011124997399747372,0.009999999747378752,84.66095800031326
optimistic,50,multistation,42,42,42,t00720-c00025,25,720,7,7,True,1,53.4330830014369,254.82362500042655,0.018999999156221747,0.015458001143997535,254.85808300072677
optimistic,50,multistation,42,42,42,t00725-c00013,13,725,0,0,False,0,,,,,
optimistic,50,multistation,42,42,42,t00726-c00013,13,726,9,9,True,1,28.530999999929918,199.652999999671,0.018250000721309334,0.014166998880682513,199.685416999273
optimistic,50,multistation,42,42,42,t00727-c00013,13,727,12,12,True,1,17.823624999437016,168.5749999996915,0.019167000573361292,0.01591700129210949,168.61008400155697
optimistic,50,multistation,42,42,42,t00742-c00010,10,742,8,8,True,1,52.819582997472025,466.44095800002106,0.017916998331202194,0.016417001461377367,466.47529199981363
optimistic,50,multistation,42,42,42,t00743-c00038,38,743,3,3,True,1,37.349250000261236,123.84558400299284,0.01774999691406265,0.014125002053333446,123.87745900196023
optimistic,50,multistation,42,42,42,t00745-c00029,29,745,5,5,True,1,68.93000000127358,1112.060333001864,119.14491700008512,0.01591600084793754,1231.221166002797
optimistic,50,multistation,42,42,42,t00745-c00036,36,745,15,15,True,1,127.30654200277058,1231.1513750028098,0.11958399772993289,0.009999999747378752,1231.280959000287
optimistic,50,multistation,42,42,42,t00746-c00006,6,746,7,7,True,1,37.04116600056295,275.69745800064993,0.01704199894447811,0.015583002095809206,275.7300830016902
optimistic,50,multistation,42,42,42,t00747-c00006,6,747,3,3,True,1,24.044166999374283,124.29216699820245,0.015208002878353,0.012708998838206753,124.320083999919
optimistic,50,multistation,42,42,42,t00753-c00028,28,753,4,4,True,1,48.22033299933537,269.98387499770615,0.01654100196901709,0.013666998711414635,270.0140829983866
optimistic,50,multistation,42,42,42,t00754-c00040,40,754,4,4,True,1,29.83120799763128,161.0199159986223,0.015792000340297818,0.012000000424450263,161.04770799938706
optimistic,50,multistation,42,42,42,t00765-c00020,20,765,0,0,False,0,,,,,
optimistic,50,multistation,42,42,42,t00766-c00020,20,766,6,6,True,1,33.06674999839743,251.592458000232,0.01633300053072162,0.013041997590335086,251.62183299835306
optimistic,50,multistation,42,42,42,t00768-c00023,23,768,7,7,True,1,64.98649999775807,532.5315419977414,0.018875001842388883,0.01424999936716631,532.564666998951
optimistic,50,multistation,42,42,42,t00775-c00011,11,775,6,6,True,1,46.315292001963826,259.4667080011277,0.0162090000230819,0.01383299968438223,259.49675000083516
optimistic,50,multistation,42,42,42,t00780-c00015,15,780,3,3,True,1,31.030666999868117,117.91795799945248,0.013749999197898433,0.011000000085914508,117.9427079987363
optimistic,50,multistation,42,42,42,t00801-c00003,3,801,9,9,True,1,71.3705000016489,691.9008330005454,0.017459002265240997,0.014499997632810846,691.9327920004434
optimistic,50,multistation,42,42,42,t00802-c00027,27,802,14,14,True,1,39.600207997864345,544.2848329985281,0.027834001230075955,0.014457997167482972,544.3271249969257
optimistic,50,multistation,42,42,42,t00808-c00013,13,808,7,7,True,1,24.100083002849715,177.6307079999242,0.016417001461377367,0.014749999536434188,177.661875000922
optimistic,50,multistation,42,42,42,t00814-c00048,48,814,12,12,True,1,60.92358300156775,553.9682499984337,0.024125001800712198,0.015958001313265413,554.0083330015477
optimistic,50,multistation,42,42,42,t00815-c00041,41,815,6,6,True,1,43.69737500019255,606.1092500021914,63.78604099882068,0.01558399890200235,669.9108749999141
optimistic,50,multistation,42,42,42,t00815-c00045,45,815,9,9,True,1,137.18070899994927,669.837749999715,0.10729199857451022,0.00791700222180225,669.9529590005113
optimistic,50,multistation,42,42,42,t00817-c00030,30,817,4,4,True,1,35.15650000190362,163.09637499944074,0.016084002709249035,0.012707998394034803,163.12516700054402
optimistic,50,multistation,42,42,42,t00818-c00030,30,818,4,4,True,1,31.426458997884765,147.08941699791467,0.014833000022917986,0.010458999895490706,147.11470899783308
optimistic,50,multistation,42,42,42,t00819-c00018,18,819,16,16,True,1,32.73270900172065,493.9119170012418,0.024249999114545062,0.01662499926169403,493.95279199961806
optimistic,50,multistation,42,42,42,t00820-c00043,43,820,4,4,True,1,22.356375000526896,117.41887500102166,0.01529200017102994,0.013582997780758888,117.44774999897345
optimistic,50,multistation,42,42,42,t00821-c00043,43,821,4,4,True,1,22.211540999705903,115.68508300115354,0.017833001038525254,0.013875000149710104,115.71679100234178
optimistic,50,multistation,42,42,42,t00824-c00000,0,824,12,12,True,1,54.48920799972257,449.3468330001633,0.01779200101736933,0.013875000149710104,449.3785000013304
optimistic,50,multistation,42,42,42,t00824-c00049,49,824,5,5,True,1,27.96404200125835,414.01562499959255,35.388833999604685,0.0061250029830262065,449.41058400218026
optimistic,50,multistation,42,42,42,t00825-c00049,49,825,9,9,True,1,40.321667001990136,298.07166699902155,0.02154200046788901,0.016083002265077084,298.1092920017545
optimistic,50,multistation,42,42,42,t00830-c00047,47,830,7,7,True,1,30.160083002556348,215.04866699979175,0.015958001313265413,0.012042000889778137,215.0766670019948
optimistic,50,multistation,42,42,42,t00834-c00039,39,834,5,5,True,1,40.86341700167395,197.90233299863758,0.017459002265240997,0.012541000614874065,197.9323330015177
optimistic,50,multistation,42,42,42,t00844-c00005,5,844,3,3,True,1,112.4990419993992,293.84850000133156,150.75262499885866,0.015875000826781616,444.617000001017
optimistic,50,multistation,42,42,42,t00844-c00008,8,844,6,6,True,1,53.913875002763234,444.5492920021934,0.10549999933573417,0.006165999366203323,444.66095800089533
optimistic,50,multistation,42,42,42,t00845-c00005,5,845,3,3,True,1,106.06045800159336,239.2833750018326,25.18791599868564,0.012125001376261935,264.4834160018945
optimistic,50,multistation,42,42,42,t00845-c00026,26,845,8,8,True,1,35.67137500067474,264.4215420004912,0.1049999991664663,0.0075409989221952856,264.53408299857983
optimistic,50,multistation,42,42,42,t00846-c00005,5,846,4,4,True,1,15.547708000667626,79.06575000015437,0.00979200194706209,0.009790997864911333,79.08533299996634
optimistic,50,multistation,42,42,42,t00851-c00001,1,851,7,7,True,1,107.19204199995147,674.699374998454,0.01424999936716631,0.01383299968438223,674.7274579975056
optimistic,50,multistation,42,42,42,t00851-c00032,32,851,5,5,True,1,77.76979100162862,653.2111250016897,21.548332999373088,0.006042002496542409,674.7655000035593
optimistic,50,multistation,42,42,42,t00851-c00034,34,851,3,3,True,1,77.73687499866355,653.1785000006494,21.572582998487633,0.004208999598631635,674.7552919987356
optimistic,50,multistation,42,42,42,t00852-c00031,31,852,10,10,True,1,76.88454200251726,540.623584001878,0.019208000594517216,0.014375000318977982,540.6571670027915
optimistic,50,multistation,42,42,42,t00852-c00034,34,852,3,3,True,1,11.702333002176601,429.3078750015411,111.37454100025934,0.005874997441424057,540.6882909992419
optimistic,50,multistation,42,42,42,t00853-c00045,45,853,4,4,True,1,59.98129200088442,285.6527920012013,0.015833000361453742,0.012084001355106011,285.68070900291787
optimistic,50,multistation,42,42,42,t00856-c00019,19,856,9,9,True,1,60.08224999823142,435.0160419999156,0.016833000699989498,0.012959000741830096,435.04583400135743
optimistic,50,multistation,42,42,42,t00858-c00012,12,858,8,8,True,1,77.23541599989403,540.2644999994664,24.00508299979265,0.01412499841535464,564.2837079976744
optimistic,50,multistation,42,42,42,t00858-c00047,47,858,7,7,True,1,33.40295800080639,564.2127080027421,0.09700000009615906,0.006832997314631939,564.3165410001529
optimistic,50,multistation,42,42,42,t00859-c00047,47,859,7,7,True,1,30.045583000173792,289.9550830006774,0.019791998056462035,0.014250003005145118,289.989125001739
optimistic,50,multistation,42,42,42,t00862-c00046,46,862,8,8,True,1,38.271208002697676,232.23779200270656,0.01716599945211783,0.010833999112946913,232.26579200127162
optimistic,50,multistation,42,42,42,t00863-c00017,17,863,4,4,True,1,29.43629200308351,130.61116700191633,0.015665998944314197,0.015417001122841612,130.64225000198348
optimistic,50,multistation,42,42,42,t00864-c00017,17,864,4,4,True,1,27.336625000316417,117.80287500005215,0.012291999155422673,0.011208001524209976,117.82637500073179
optimistic,50,multistation,42,42,42,t00870-c00007,7,870,4,4,True,1,26.900958000624087,136.42883300053654,0.012749998859362677,0.0145840022014454,136.45616700159735
optimistic,50,multistation,42,42,42,t00871-c00007,7,871,3,3,True,1,32.20812500148895,125.90008400002262,0.01604100179974921,0.015166999219218269,125.93129200104158
optimistic,50,multistation,42,42,42,t00872-c00037,37,872,8,8,True,1,43.70420800114516,264.8555000014312,0.01954099934664555,0.016709000192349777,264.8917500009702
optimistic,50,multistation,42,42,42,t00882-c00004,4,882,9,9,True,1,98.68062500027008,704.6623329988506,0.018457998521625996,0.01820900070015341,704.6989999980724
optimistic,50,multistation,42,42,42,t00887-c00033,33,887,10,10,True,1,25.24062500015134,278.4222080008476,0.02141699951607734,0.014041001122677699,278.45766600148636
optimistic,50,multistation,42,42,42,t00891-c00032,32,891,3,3,True,1,55.910916002176236,189.3668750017241,0.013707998732570559,0.011708001693477854,189.39229100215016
optimistic,50,multistation,42,42,42,t00894-c00025,25,894,3,3,True,1,43.466833001730265,181.16687500150874,0.01599999814061448,0.014291999832494184,181.19716699948185
optimistic,50,multistation,42,42,42,t00895-c00025,25,895,3,3,True,1,38.25233299721731,159.34004099835875,0.015249999705702066,0.012333999620750546,159.3676249976852
optimistic,50,multistation,42,42,42,t00904-c00035,35,904,6,6,True,1,24.43716699781362,206.7901249974966,0.01645900192670524,0.013749999197898433,206.8203339986212
optimistic,50,multistation,42,42,42,t00911-c00009,9,911,7,7,True,1,24.849458000971936,259.88104100179044,0.016166999557754025,0.013458000466926023,259.9106660018151
optimistic,50,multistation,42,42,42,t00918-c00024,24,918,7,7,True,1,41.46941699946183,219.45741700255894,0.01579199670231901,0.011500000255182385,219.48470899951644
optimistic,50,multistation,42,42,42,t00919-c00014,14,919,3,3,True,1,74.53899999745772,305.4856659982761,0.012959000741830096,0.011915999493794516,305.5105409985117
optimistic,50,multistation,42,42,42,t00934-c00010,10,934,6,6,True,1,65.52412500241189,439.6142920013517,0.016833000699989498,0.013958000636193901,439.6450830026879
optimistic,50,multistation,42,42,42,t00936-c00035,35,936,7,7,True,1,62.752833000558894,336.8622919988411,0.018165999790653586,0.014792000001762062,336.8952499986335
optimistic,50,multistation,42,42,42,t00937-c00043,43,937,4,4,True,1,34.643291000975296,161.9497079991561,0.01716699989628978,0.01312500171479769,161.98000000076718
optimistic,50,multistation,42,42,42,t00949-c00002,2,949,11,11,True,1,49.20158400273067,676.1851250012114,0.019334001990500838,0.01466599860577844,676.2191250018077
optimistic,50,multistation,42,42,42,t00949-c00020,20,949,3,3,True,1,188.91508399974555,609.5761249998759,66.67516699963016,0.006000002031214535,676.2572920015373
optimistic,50,multistation,42,42,42,t00965-c00018,18,965,9,9,True,1,52.34020799980499,389.6165830010432,0.018041999283013865,0.013500000932253897,389.64812500125845
optimistic,50,multistation,42,42,42,t00966-c00038,38,966,9,9,True,1,39.306750000832835,254.82454099983443,0.01799999881768599,0.01300000076298602,254.8555409994151
optimistic,50,multistation,42,42,42,t00970-c00034,34,970,5,5,True,1,14.74137499826611,100.72887500064098,0.011832999007310718,0.009625000529922545,100.75033300017822
optimistic,50,multistation,42,42,42,t00971-c00042,42,971,16,16,True,1,87.68591699845274,1314.312999998947,0.02445900099701248,0.016291000065393746,1314.3537500000093
optimistic,50,multistation,42,42,42,t00972-c00042,42,972,7,7,True,1,112.17837500225869,537.5496660017234,0.02049999966402538,0.016500001947861165,537.5866660033353
optimistic,50,multistation,42,42,42,t00973-c00006,6,973,7,7,True,1,41.16641700238688,207.41054200334474,0.015041998267406598,0.014207998901838437,207.439792000514
optimistic,50,multistation,42,42,42,t00977-c00021,21,977,7,7,True,1,44.54687500037835,234.9302499969781,0.016417001461377367,0.012458000128390267,234.95912499856786
optimistic,50,multistation,42,42,42,t00985-c00000,0,985,11,11,True,1,30.410750001465203,308.5747920013091,0.017124999430961907,0.013790999219054356,308.6057079999591
optimistic,50,multistation,42,42,42,t00988-c00013,13,988,7,7,True,1,13.106124999467283,94.4540419986879,0.014083001588005573,0.01208300091093406,94.48020800118684
optimistic,50,multistation,42,42,42,t00989-c00005,5,989,4,4,True,1,17.09195800140151,84.76937500017812,0.00875000114319846,0.008874998457031325,84.78699999977835
optimistic,50,multistation,42,42,42,t00996-c00015,15,996,3,3,True,1,35.296666999784065,117.89399999906891,0.013500000932253897,0.011208001524209976,117.91870800152537
optimistic,50,multistation,42,42,42,t00999-c00001,1,999,12,12,True,1,47.97429199970793,568.2772090003709,0.01883300137706101,0.015207999240374193,568.3112500009884
optimistic,50,multistation,42,42,42,t01000-c00038,38,1000,5,5,True,1,31.72370800166391,135.900291003054,0.01529200017102994,0.011832999007310718,135.92741600223235
optimistic,50,multistation,42,42,42,t01001-c00022,22,1001,7,7,True,1,121.38858399703167,991.6466670001682,77.47966699753306,0.01570799940964207,1069.142041997111
optimistic,50,multistation,42,42,42,t01001-c00038,38,1001,3,3,True,1,216.79966599913314,697.2834580010385,371.88912499914295,0.006082998879719526,1069.1786659990612
optimistic,50,multistation,42,42,42,t01001-c00041,41,1001,12,12,True,1,121.31579199922271,1069.0343339992978,0.1389579992974177,0.006458001735154539,1069.1797500003304
optimistic,50,multistation,42,42,42,t01005-c00036,36,1005,3,3,True,1,46.66087499936111,178.6879579995002,0.016166999557754025,0.011832999007310718,178.71595799806528
optimistic,50,multistation,42,42,42,t01009-c00016,16,1009,3,3,True,1,28.422666000551544,135.4151660016214,0.017124999430961907,0.015208999684546143,135.4475000007369
optimistic,50,multistation,42,42,42,t01012-c00046,46,1012,7,7,True,1,48.520249998546205,238.277417000063,0.018665999959921464,0.014917000953573734,238.3110000009765
optimistic,50,multistation,42,42,42,t01023-c00044,44,1023,10,10,True,1,55.6561250014056,577.9802500001097,0.021166000806260854,0.016999998479150236,578.0184159993951
optimistic,50,multistation,42,42,42,t01024-c00044,44,1024,10,10,True,1,44.44141700150794,462.3988749990531,0.02041700281552039,0.016915997548494488,462.4362079994171
optimistic,50,multistation,42,42,42,t01025-c00044,44,1025,3,3,True,1,56.19079199823318,219.2826669997885,0.014917000953573734,0.011041000107070431,219.30862500084913
optimistic,50,multistation,42,42,42,t01036-c00049,49,1036,3,3,True,1,16.06783299939707,82.61962499818765,0.01300000076298602,0.00987499879556708,82.6424999977462
optimistic,50,multistation,42,42,42,t01044-c00017,17,1044,7,7,True,1,74.98362499973155,1112.1765409989166,0.018167000234825537,0.014500001270789653,1112.2092080004222
optimistic,50,multistation,42,42,42,t01044-c00027,27,1044,3,3,True,1,34.56604199891444,852.7453339993372,259.51866600007634,0.00654199902783148,1112.2705419984413
optimistic,50,multistation,42,42,42,t01044-c00046,46,1044,10,10,True,1,187.34949999998207,1056.5014160019928,55.76670899972669,0.006915997801115736,1112.2750409995206
optimistic,50,multistation,42,42,42,t01045-c00017,17,1045,3,3,True,1,16.638916997180786,335.1652919991466,102.2381660004612,0.012624997907551005,437.41608299751533
optimistic,50,multistation,42,42,42,t01045-c00046,46,1045,13,13,True,1,50.38383300052374,437.3504579998553,0.112749999971129,0.008834002073854208,437.47204200190026
optimistic,50,multistation,42,42,42,t01046-c00045,45,1046,3,3,True,1,242.5414589997672,783.902584000316,86.95958300086204,0.013166998542146757,870.8753339997202
optimistic,50,multistation,42,42,42,t01046-c00046,46,1046,12,12,True,1,63.20529200093006,870.8093749992258,0.11016700227628462,0.008332997822435573,870.9278749993246
optimistic,50,multistation,42,42,42,t01047-c00016,16,1047,8,8,True,1,52.21695799991721,306.4113330001419,0.01745899862726219,0.019208000594517216,306.4479999993637
optimistic,50,multistation,42,42,42,t01048-c00033,33,1048,3,3,True,1,14.357374999235617,75.4412919995957,0.011083000572398305,0.009542000043438748,75.46191700021154
optimistic,50,multistation,42,42,42,t01051-c00029,29,1051,3,3,True,1,25.696917000459507,346.1909170000581,73.58475000000908,0.014042001566849649,419.78970900163404
optimistic,50,multistation,42,42,42,t01051-c00048,48,1051,4,4,True,1,80.30395899913856,419.7222500006319,0.12095899728592485,0.006958001904422417,419.85016699982225
optimistic,50,multistation,42,42,42,t01052-c00029,29,1052,4,4,True,1,66.6313750007248,298.24920800092514,0.016375000996049494,0.015041998267406598,298.2806250001886
optimistic,50,multistation,42,42,42,t01053-c00023,23,1053,3,3,True,1,24.269458001072053,149.18829100133735,0.01383400012855418,0.010583000403130427,149.21270800186903
optimistic,50,multistation,42,42,42,t01057-c00040,40,1057,6,6,True,1,38.101457997981925,219.4666249997681,0.016082998627098277,0.011833999451482669,219.49454199784668
optimistic,50,multistation,42,42,42,t01058-c00040,40,1058,3,3,True,1,16.301290997944307,73.1590409995988,0.011374999303370714,0.009416999091627076,73.1798329979938
optimistic,50,multistation,42,42,42,t01059-c00040,40,1059,4,4,True,1,15.673999998398358,65.6284169999708,0.010332998499507084,0.009334002243122086,65.64808400071342
optimistic,50,multistation,42,42,42,t01062-c00011,11,1062,5,5,True,1,23.889874999440508,440.4794580004818,51.35316699670511,0.013167002180125564,491.84579199936707
optimistic,50,multistation,42,42,42,t01062-c00031,31,1062,6,6,True,1,187.26641700050095,491.78254200160154,0.09787499948288314,0.0070829992182552814,491.8875000003027
optimistic,50,multistation,42,42,42,t01073-c00012,12,1073,5,5,True,1,27.85395899991272,197.6900840018061,0.012665997928706929,0.011042000551242381,197.71379200028605
optimistic,50,multistation,42,42,42,t01074-c00030,30,1074,6,6,True,1,18.498959001590265,203.28833399980795,0.015500001609325409,0.013083001249469817,203.31691700266674
optimistic,50,multistation,42,42,42,t01077-c00033,33,1077,6,6,True,1,23.1459159986116,194.85312500182772,0.015165998775046319,0.01154200072051026,194.87983300132328
optimistic,50,multistation,42,42,42,t01078-c00033,33,1078,3,3,True,1,23.482000000512926,96.96320800139802,0.011042000551242381,0.009082999895326793,96.98333300184458
optimistic,50,multistation,42,42,42,t01079-c00039,39,1079,7,7,True,1,42.61374999987311,256.94620800277335,0.018582999473437667,0.012042000889778137,256.97683300313656
optimistic,50,multistation,42,42,42,t01080-c00039,39,1080,12,12,True,1,41.167708001012215,1230.2995420031948,0.023749998945277184,0.015458001143997535,1230.338750003284
optimistic,50,multistation,42,42,42,t01080-c00043,43,1080,8,8,True,1,200.6451660017774,1146.6301250002289,83.7500830020872,0.007916998583823442,1230.3881250009
optimistic,50,multistation,42,42,42,t01080-c00047,47,1080,7,7,True,1,200.6165829989186,1146.601707998343,83.78312499917229,0.005208999937167391,1230.3900419974525
optimistic,50,multistation,42,42,42,t01083-c00013,13,1083,3,3,True,1,22.328667000692803,66.172374998132,0.009917002898873761,0.009082999895326793,66.1913750009262
optimistic,50,multistation,42,42,42,t01084-c00013,13,1084,4,4,True,1,22.477999998955056,105.89154099943698,0.014749999536434188,0.01174999852082692,105.91804099749424
optimistic,50,multistation,42,42,42,t01095-c00019,19,1095,7,7,True,1,75.30754199979128,396.8642079998972,0.017292000848101452,0.014500001270789653,396.8960000020161
optimistic,50,multistation,42,42,42,t01096-c00024,24,1096,12,12,True,1,37.288583000190556,392.20395799929975,0.02258300082758069,0.014708999515278265,392.2412499996426
optimistic,50,multistation,42,42,42,t01097-c00003,3,1097,10,10,True,1,82.6876249993802,863.487916001759,0.019916999008273706,0.016833000699989498,863.5246660014673
optimistic,50,multistation,42,42,42,t01102-c00007,7,1102,11,11,True,1,36.580584001058014,391.1450000014156,0.018667000404093415,0.01487500048824586,391.17854200230795
optimistic,50,multistation,42,42,42,t01103-c00037,37,1103,7,7,True,1,29.553083000791958,156.2919999996666,0.0167500002135057,0.012583001080201939,156.3213330009603
optimistic,50,multistation,42,42,42,t01118-c00009,9,1118,6,6,True,1,40.98787499970058,274.77162499781116,0.01645800148253329,0.014166998880682513,274.8022499981744
optimistic,50,multistation,42,42,42,t01119-c00026,26,1119,3,3,True,1,41.03308399862726,136.00845899782144,0.013916000170866027,0.010374998964834958,136.03274999695714
optimistic,50,multistation,42,42,42,t01120-c00025,25,1120,3,3,True,1,112.37054099910893,379.4342080000206,0.016916997992666438,0.012791002518497407,379.46391600053175
optimistic,50,multistation,42,42,42,t01120-c00026,26,1120,3,3,True,1,112.33749999883003,379.40112499927636,0.09379100083606318,0.005041998520027846,379.49995799863245
optimistic,50,multistation,42,42,42,t01121-c00026,26,1121,4,4,True,1,35.20350000326289,324.1739580007561,0.014666999049950391,0.014917000953573734,324.2035420007596
optimistic,50,multistation,42,42,42,t01121-c00028,28,1121,3,3,True,1,75.17999999981839,276.87258399964776,47.35575000086101,0.006040998414391652,324.23437499892316
optimistic,50,multistation,42,42,42,t01140-c00008,8,1140,6,6,True,1,50.34933299975819,351.7134999965492,0.01562500256113708,0.015375000657513738,351.74449999976787
optimistic,50,multistation,42,42,42,t01149-c00034,34,1149,4,4,True,1,25.863582999591017,118.3104160008952,0.011166997865075245,0.00950000321608968,118.33108300197637
optimistic,50,multistation,42,42,42,t01153-c00005,5,1153,3,3,True,1,15.592207997542573,51.537916999222944,0.015165998775046319,0.015500001609325409,51.568582999607315
optimistic,50,multistation,42,42,42,t01154-c00005,5,1154,3,3,True,1,20.480957999097882,536.397207997652,68.90062499951455,0.01591700129210949,605.3137499984587
optimistic,50,multistation,42,42,42,t01154-c00026,26,1154,10,10,True,1,71.09820899859187,605.2434589983022,0.12370799959171563,0.00833300146041438,605.3754999993544
optimistic,50,multistation,42,42,42,t01155-c00005,5,1155,11,11,True,1,14.134000000922242,551.507500000298,59.160624998185085,0.01849999898695387,610.6866249974701
optimistic,50,multistation,42,42,42,t01155-c00026,26,1155,10,10,True,1,86.92208299908089,610.6099999997241,0.12525000056484714,0.00904199987417087,610.7442920001631
optimistic,50,multistation,42,42,42,t01160-c00010,10,1160,6,6,True,1,18.538124997576233,105.68737499852432,0.01645900192670524,0.011874999472638592,105.71570899992366
optimistic,50,multistation,42,42,42,t01167-c00018,18,1167,4,4,True,1,44.79833299774327,214.28299999752198,0.014833000022917986,0.012500000593718141,214.31033299813862
optimistic,50,multistation,42,42,42,t01168-c00000,0,1168,7,7,True,1,122.64649999997346,783.7268750008661,0.01662499926169403,0.01312500171479769,783.7566250018426
optimistic,50,multistation,42,42,42,t01168-c00006,6,1168,5,5,True,1,49.614249997830484,651.5202080008748,132.27537499915343,0.006833000952610746,783.8024160009809
optimistic,50,multistation,42,42,42,t01178-c00040,40,1178,3,3,True,1,22.156457998789847,88.25437500127009,0.011832999007310718,0.011167001503054053,88.27737500178046
optimistic,50,multistation,42,42,42,t01179-c00020,20,1179,6,6,True,1,33.51041599671589,264.7133329992357,0.01733299723127857,0.013792003301205114,264.7444579997682
optimistic,50,multistation,42,42,42,t01181-c00032,32,1181,5,5,True,1,42.33491599734407,233.6157909994654,0.015749999874969944,0.012749998859362677,233.64429099819972
optimistic,50,multistation,42,42,42,t01203-c00049,49,1203,5,5,True,1,12.349500000709668,69.6289590014203,0.013665998267242685,0.009999999747378752,69.65262499943492
optimistic,50,multistation,42,42,42,t01209-c00038,38,1209,7,7,True,1,27.24162499725935,149.40870799910044,0.016000001778593287,0.011124997399747372,149.43583299827878
optimistic,50,multistation,42,42,42,t01213-c00041,41,1213,7,7,True,1,51.53425000025891,269.2697919992497,0.017624999600229785,0.012458000128390267,269.29987499897834
optimistic,50,multistation,42,42,42,t01214-c00041,41,1214,7,7,True,1,31.661875000281725,168.1532500006142,0.01662499926169403,0.013584001862909645,168.1834590017388
optimistic,50,multistation,42,42,42,t01217-c00020,20,1217,3,3,True,1,38.464792000013404,157.0460830007505,0.013374999980442226,0.014374996680999175,157.07383299741196
optimistic,50,multistation,42,42,42,t01223-c00015,15,1223,5,5,True,1,18.0696249990433,159.96954199727043,0.013875000149710104,0.012208001862745732,159.99562499928288
optimistic,50,multistation,42,42,42,t01224-c00004,4,1224,7,7,True,1,46.84425000232295,449.3233329994837,0.017625003238208592,0.014749999536434188,449.3557080022583
optimistic,50,multistation,42,42,42,t01225-c00001,1,1225,8,8,True,1,59.830874997715,330.89374999690335,0.01591700129210949,0.012666001566685736,330.92233299976215
optimistic,50,multistation,42,42,42,t01227-c00010,10,1227,5,5,True,1,52.59825000030105,287.3795839986997,0.01458300175727345,0.012332999176578596,287.4064999996335
optimistic,50,multistation,42,42,42,t01235-c00022,22,1235,4,4,True,1,63.69583299965598,305.6332919986744,0.014666002243757248,0.01391699697705917,305.6618749978952
optimistic,50,multistation,42,42,42,t01243-c00024,24,1243,5,5,True,1,44.571582999196835,267.255082999327,0.014958000974729657,0.011500000255182385,267.2815410005569
optimistic,50,multistation,42,42,42,t01244-c00024,24,1244,15,15,True,1,59.56458400032716,848.7086250024731,0.023624997993465513,0.01737500133458525,848.7496250018012
optimistic,50,multistation,42,42,42,t01248-c00031,31,1248,4,4,True,1,49.4829999988724,226.64649999933317,0.016250000044237822,0.012874999811174348,226.67562499918859
optimistic,50,multistation,42,42,42,t01249-c00012,12,1249,8,8,True,1,37.908458998572314,310.0144999989425,0.01570899985381402,0.013583001418737695,310.04379200021503
optimistic,50,multistation,42,42,42,t01250-c00002,2,1250,9,9,True,1,32.32254099930287,226.4114999998128,0.015540997992502525,0.013084001693641767,226.44012499949895
optimistic,50,multistation,42,42,42,t01252-c00045,45,1252,7,7,True,1,30.725916996743763,161.7518339990056,0.012665997928706929,0.010292002116329968,161.77479199905065
optimistic,50,multistation,42,42,42,t01253-c00045,45,1253,7,7,True,1,29.832749998604413,157.48933400027454,0.013625001884065568,0.009832998330239207,157.51279200048884
optimistic,50,multistation,42,42,42,t01256-c00033,33,1256,7,7,True,1,20.117584001127398,160.28233399993042,0.01716599945211783,0.011125001037726179,160.31062500042026
optimistic,50,multistation,42,42,42,t01257-c00015,15,1257,6,6,True,1,29.339041997445747,195.22720799795934,0.013917000615037978,0.010416999430162832,195.25154199800454
optimistic,50,multistation,42,42,42,t01265-c00036,36,1265,5,5,True,1,34.18704199793865,266.77125000060187,29.529249997722218,0.011832999007310718,296.3123329973314
optimistic,50,multistation,42,42,42,t01265-c00047,47,1265,3,3,True,1,181.49712500235182,296.24450000119396,0.0852919984026812,0.0049580012273509055,296.334750000824
optimistic,50,multistation,42,42,42,t01267-c00014,14,1267,6,6,True,1,52.75291600264609,470.5248329992173,0.01737500133458525,0.013458000466926023,470.55566600101884
optimistic,50,multistation,42,42,42,t01270-c00005,5,1270,8,8,True,1,119.23966600079439,1234.5144579994667,0.019750001229112968,0.016292000509565696,1234.5505000012054
optimistic,50,multistation,42,42,42,t01270-c00010,10,1270,4,4,True,1,119.20579100114992,1234.4806250002875,0.11020799865946174,0.006207999831531197,1234.5970409987785
optimistic,50,multistation,42,42,42,t01270-c00035,35,1270,6,6,True,1,177.75225000150385,1234.4498329985072,0.1421670021954924,0.005707999662263319,1234.597708000365
optimistic,50,multistation,42,42,42,t01271-c00021,21,1271,7,7,True,1,117.85712499840884,1194.7337499987043,0.01862499993876554,0.014708002709085122,1194.7670830013521
optimistic,50,multistation,42,42,42,t01271-c00035,35,1271,11,11,True,1,29.263333999551833,1194.694833997346,0.10691600255086087,0.007916998583823442,1194.8096669984807
optimistic,50,multistation,42,42,42,t01273-c00042,42,1273,4,4,True,1,53.960957997333026,302.1424159996968,0.017083999409805983,0.014958000974729657,302.17445800008136
optimistic,50,multistation,42,42,42,t01283-c00012,12,1283,3,3,True,1,53.28133299917681,222.8211250003369,46.257457997853635,0.014042001566849649,269.0926249997574
optimistic,50,multistation,42,42,42,t01283-c00046,46,1283,3,3,True,1,71.4394579990767,269.02125000196975,0.1087079981516581,0.007333001121878624,269.1372910012433
optimistic,50,multistation,42,42,42,t01284-c00022,22,1284,9,9,True,1,122.85204100044211,767.0518750019255,0.01974999759113416,0.016625002899672836,767.0882500024163
optimistic,50,multistation,42,42,42,t01285-c00013,13,1285,6,6,True,1,20.916292000038084,169.79291700044996,0.016499998309882358,0.011708001693477854,169.82112500045332
optimistic,50,multistation,42,42,42,t01288-c00016,16,1288,5,5,True,1,38.69325000050594,194.5398749994638,0.015083001926541328,0.01445900124963373,194.56941700263997
optimistic,50,multistation,42,42,42,t01291-c00048,48,1291,3,3,True,1,39.753958000801504,154.83741700154496,0.01424999936716631,0.010374998964834958,154.86204199987696
optimistic,50,multistation,42,42,42,t01292-c00043,43,1292,6,6,True,1,41.5425419996609,396.81512500101235,16.885334000107832,0.011707998055499047,413.7121669991757
optimistic,50,multistation,42,42,42,t01292-c00049,49,1292,7,7,True,1,65.30929200016544,413.6483339971164,0.09345800208393484,0.006792000931454822,413.7485840001318
optimistic,50,multistation,42,42,42,t01299-c00039,39,1299,5,5,True,1,38.30637499777367,204.3304580001859,0.015792000340297818,0.014082997950026765,204.36033299847622
optimistic,50,multistation,42,42,42,t01300-c00037,37,1300,6,6,True,1,32.487833999766735,205.92704199953005,0.015667003026464954,0.01349999729427509,205.9562089998508
optimistic,50,multistation,42,42,42,t01301-c00037,37,1301,6,6,True,1,24.163040998246288,147.31920800113585,0.01683299706201069,0.013709002814721316,147.34975000101258
optimistic,50,multistation,42,42,42,t01303-c00023,23,1303,8,8,True,1,52.24495799848228,544.9012909994053,0.021374999050749466,0.01883400182123296,544.9415000002773
optimistic,50,multistation,42,42,42,t01306-c00017,17,1306,3,3,True,1,20.857625000644475,89.30970899746171,0.012625001545529813,0.012000000424450263,89.33433399943169
optimistic,50,multistation,42,42,42,t01323-c00029,29,1323,3,3,True,1,58.695332998468075,195.02379199911957,0.016582998796366155,0.014749999536434188,195.05512499745237
optimistic,50,multistation,42,42,42,t01333-c00039,39,1333,4,4,True,1,41.75341600057436,194.19433299844968,0.01737500133458525,0.012249998690094799,194.22395799847436
optimistic,50,multistation,42,42,42,t01338-c00007,7,1338,6,6,True,1,20.11362499979441,158.60129199791118,0.015000001440057531,0.012000000424450263,158.62829199977568
optimistic,50,multistation,42,42,42,t01344-c00027,27,1344,5,5,True,1,59.968750003463356,349.7980420033855,0.016582998796366155,0.0162090000230819,349.83083400220494
optimistic,50,multistation,42,42,42,t01344-c00030,30,1344,3,3,True,1,59.93424999905983,282.82299999773386,67.0499590014515,0.006999998731771484,349.87995899791713
optimistic,50,multistation,42,42,42,t01351-c00023,23,1351,8,8,True,1,91.90554200176848,767.7102920024481,0.01879099727375433,0.016250000044237822,767.7453329997661
optimistic,50,multistation,42,42,42,t01354-c00018,18,1354,5,5,True,1,41.933666998374974,180.1895839998906,0.015457997506018728,0.012667002010857686,180.21770899940748
optimistic,50,multistation,42,42,42,t01355-c00018,18,1355,5,5,True,1,219.303249999939,573.965584000689,113.26670799826388,0.012667002010857686,687.2449590009637
optimistic,50,multistation,42,42,42,t01355-c00025,25,1355,5,5,True,1,50.62637499941047,652.7799579998828,34.4909169980383,0.006666003173450008,687.2775410010945
optimistic,50,multistation,42,42,42,t01355-c00041,41,1355,7,7,True,1,99.89312499965308,687.1463749994291,0.12316699940129183,0.005999998393235728,687.2755419972236
optimistic,50,multistation,42,42,42,t01359-c00000,0,1359,6,6,True,1,20.637541001633508,181.85020799865015,0.012792002962669358,0.011541000276338309,181.87454100188916
optimistic,50,multistation,42,42,42,t01365-c00034,34,1365,3,3,True,1,18.297000002348796,57.6271669997368,0.009583000064594671,0.009084000339498743,57.645834000140894
optimistic,50,multistation,42,42,42,t01374-c00009,9,1374,15,15,True,1,44.33341700132587,628.9323750024778,0.019874998542945832,0.016500001947861165,628.9687500029686
optimistic,50,multistation,42,42,42,t01383-c00026,26,1383,7,7,True,1,36.84366699962993,194.52904200079502,0.016666999727021903,0.011249998351559043,194.5569589988736
optimistic,50,multistation,42,42,42,t01388-c00034,34,1388,11,11,True,1,22.924875000171596,249.92429200210609,0.01683299706201069,0.011334002920193598,249.9524590020883
optimistic,50,multistation,42,42,42,t01394-c00011,11,1394,8,8,True,1,49.49908300113748,416.29037500024424,0.018250000721309334,0.014082997950026765,416.3227079989156
optimistic,50,multistation,42,42,42,t01397-c00006,6,1397,2,2,True,1,53.94187499769032,93.14687499863794,0.007499998901039362,0.0074590025178622454,93.16183400005684
optimistic,50,multistation,42,42,42,t01398-c00033,33,1398,7,7,True,1,26.421250000566943,329.09208400087664,0.015041001461213455,0.011583997547859326,329.1187089998857
optimistic,50,multistation,42,42,42,t01398-c00044,44,1398,5,5,True,1,94.9014170000737,310.4660419994616,18.674792001547758,0.011290998372714967,329.15212499938207
optimistic,50,multistation,42,42,42,t01399-c00044,44,1399,11,11,True,1,57.594625002820976,462.0053750004445,0.021457999537233263,0.01424999936716631,462.0410829993489
optimistic,50,multistation,42,42,42,t01404-c00019,19,1404,3,3,True,1,32.8008750002482,90.26574999734294,0.010583000403130427,0.008834002073854208,90.28516699981992
optimistic,50,multistation,42,42,42,t01409-c00047,47,1409,7,7,True,1,21.362666000641184,119.08325000331388,0.01570799940964207,0.010416999430162832,119.10937500215368
optimistic,50,multistation,42,42,42,t01420-c00038,38,1420,3,3,True,1,9.355791000416502,38.96466600053827,0.007458998879883438,0.0077500008046627045,38.97987500022282
optimistic,50,multistation,42,42,42,t01421-c00008,8,1421,3,3,True,1,8.780583000771003,30.404125001950888,0.006999998731771484,0.0072500006353948265,30.418375001318054
optimistic,50,multistation,42,42,42,t01423-c00003,3,1423,7,7,True,1,9.616749997803709,72.00499999817112,0.009125000360654667,0.007875001756474376,72.02200000028824
optimistic,50,multistation,42,42,42,t01427-c00045,45,1427,8,8,True,1,9.113042000535643,54.146333000971936,0.011084001016570255,0.00875000114319846,54.166167003131704
optimistic,50,multistation,42,42,42,t01434-c00006,6,1434,7,7,True,1,3.3459159967605956,23.404499999742256,0.008790997526375577,0.00758399983169511,23.420874997100327
